Date,Open,High,Low,Close,Volume,Adj Close
30-Mar-17,144.19,144.5,143.5,143.93,21207252,29.86
29-Mar-17,143.68,144.49,143.19,144.12,29189955,29.84
28-Mar-17,140.91,144.04,140.62,143.8,33374805,29.9
27-Mar-17,139.39,141.22,138.62,140.88,23575094,30.1
24-Mar-17,141.5,141.74,140.35,140.64,22395563,31.28
23-Mar-17,141.26,141.58,140.61,140.92,20346301,31.3
22-Mar-17,139.84,141.6,139.76,141.42,25860165,31.86
21-Mar-17,142.11,142.8,139.73,139.84,39529912,32.12
20-Mar-17,140.4,141.5,140.23,141.46,21542038,32.21
17-Mar-17,141,141,139.89,139.99,43884952,32.37
16-Mar-17,140.72,141.02,140.26,140.69,19231998,31.98
15-Mar-17,139.41,140.75,139.02,140.46,25691774,32.06
14-Mar-17,139.3,139.65,138.84,138.99,15309065,32.02
13-Mar-17,138.85,139.43,138.82,139.2,17421717,32.09
10-Mar-17,139.25,139.36,138.64,139.14,19612801,31.75
9-Mar-17,138.74,138.79,137.05,138.68,22155904,32.11
8-Mar-17,138.95,139.8,138.82,139,18707236,32.62
7-Mar-17,139.06,139.98,138.79,139.52,17446297,32.77
6-Mar-17,139.36,139.77,138.6,139.34,21750044,32.38
3-Mar-17,138.78,139.83,138.59,139.78,21571121,32.99
2-Mar-17,140,140.28,138.76,138.96,26210984,33.2
1-Mar-17,137.89,140.15,137.6,139.79,36414585,33.69
28-Feb-17,137.08,137.44,136.7,136.99,23482860,33.57
27-Feb-17,137.14,137.44,136.28,136.93,20257426,34.07
24-Feb-17,135.91,136.66,135.28,136.66,21776585,34.22
23-Feb-17,137.38,137.48,136.3,136.53,20788186,34.37
22-Feb-17,136.43,137.12,136.11,137.11,20836932,34.28
21-Feb-17,136.23,136.75,135.98,136.7,24507156,34.54
17-Feb-17,135.1,135.83,135.1,135.72,22198197,34.61
16-Feb-17,135.67,135.9,134.84,135.34,22584555,34.63
15-Feb-17,135.52,136.27,134.62,135.51,35623100,35.1
14-Feb-17,133.47,135.09,133.25,135.02,33226223,35.56
13-Feb-17,133.08,133.82,132.75,133.29,23035421,35.34
10-Feb-17,132.46,132.94,132.05,132.12,20065458,35.3
9-Feb-17,131.65,132.44,131.12,132.42,28349859,34.94
8-Feb-17,131.35,132.22,131.22,132.04,23004072,37.03
7-Feb-17,130.54,132.09,130.45,131.53,38183841,38.07
6-Feb-17,129.13,130.5,128.9,130.29,26845924,38.69
3-Feb-17,128.31,129.19,128.16,129.08,24507301,38.5
2-Feb-17,127.98,129.39,127.78,128.53,33710411,37.43
1-Feb-17,127.03,130.49,127.01,128.75,111985040,37.37
31-Jan-17,121.15,121.39,120.62,121.35,49200993,38.38
30-Jan-17,120.93,121.63,120.66,121.63,30377503,37.3
27-Jan-17,122.14,122.35,121.6,121.95,20562944,38.05
26-Jan-17,121.67,122.44,121.6,121.94,26337576,36.95
25-Jan-17,120.42,122.1,120.28,121.88,32586673,36.57
24-Jan-17,119.55,120.1,119.5,119.97,23211038,35.18
23-Jan-17,120,120.81,119.77,120.08,22050218,33.69
20-Jan-17,120.45,120.45,119.73,120,32597892,36.28
19-Jan-17,119.4,120.09,119.37,119.78,25597291,36.65
18-Jan-17,120,120.5,119.71,119.99,23712961,37.44
17-Jan-17,118.34,120.24,118.22,120,34439843,36.91
13-Jan-17,119.11,119.62,118.81,119.04,26111948,36.26
12-Jan-17,118.9,119.3,118.21,119.25,27086220,36.32
11-Jan-17,118.74,119.93,118.6,119.75,27588593,36.05
10-Jan-17,118.77,119.38,118.3,119.11,24462051,35.48
9-Jan-17,117.95,119.43,117.94,118.99,33561948,33.97
6-Jan-17,116.78,118.16,116.47,117.91,31751900,34.62
5-Jan-17,115.92,116.86,115.81,116.61,22193587,35.25
4-Jan-17,115.85,116.51,115.75,116.02,21118116,35.03
3-Jan-17,115.8,116.33,114.76,116.15,28781865,34.87
30-Dec-16,116.65,117.2,115.43,115.82,30586265,36.19
29-Dec-16,116.45,117.11,116.4,116.73,15039519,36.7
28-Dec-16,117.52,118.02,116.2,116.76,20905892,37.26
27-Dec-16,116.52,117.8,116.49,117.26,18296855,37.71
23-Dec-16,115.59,116.52,115.59,116.52,14249484,37.59
22-Dec-16,116.35,116.51,115.64,116.29,26085854,36.57
21-Dec-16,116.8,117.4,116.78,117.06,23783165,35.85
20-Dec-16,116.74,117.5,116.68,116.95,21424965,35.62
19-Dec-16,115.8,117.38,115.75,116.64,27779423,34.74
16-Dec-16,116.47,116.5,115.64,115.97,44351134,35.79
15-Dec-16,115.38,116.73,115.23,115.82,46524544,36.22
14-Dec-16,115.04,116.2,114.98,115.19,34031834,36.33
13-Dec-16,113.84,115.92,113.75,115.19,43733811,37.1
12-Dec-16,113.29,115,112.49,113.3,26374377,38.18
9-Dec-16,112.31,114.7,112.31,113.95,34402627,38.84
8-Dec-16,110.86,112.43,110.6,112.12,27068316,39.15
7-Dec-16,109.26,111.19,109.16,111.03,29998719,38.6
6-Dec-16,109.5,110.36,109.19,109.95,26195462,39.12
5-Dec-16,110,110.03,108.25,109.11,34324540,38.71
2-Dec-16,109.17,110.09,108.85,109.9,26527997,38.43
1-Dec-16,110.36,110.94,109.03,109.49,37086862,38.1
30-Nov-16,111.6,112.2,110.27,110.52,36162258,38.33
29-Nov-16,110.78,112.03,110.07,111.46,28528750,36.6
28-Nov-16,111.43,112.46,111.39,111.57,27193983,35.93
25-Nov-16,111.47,111.87,110.95,111.79,11475922,35.5
23-Nov-16,111.36,111.51,110.33,111.23,27426394,35.28
22-Nov-16,111.95,112.42,111.4,111.8,25965534,35.52
21-Nov-16,110.12,111.99,110.01,111.73,29264571,36.95
18-Nov-16,109.72,110.54,109.66,110.06,28428917,36.87
17-Nov-16,109.81,110.35,108.83,109.95,26964598,37.09
16-Nov-16,106.7,110.23,106.6,109.99,58840522,36.76
15-Nov-16,106.57,107.68,106.16,107.11,32264510,35.97
14-Nov-16,107.71,107.81,104.08,105.71,51175504,36.1
11-Nov-16,107.12,108.87,106.55,108.43,34143898,35.92
10-Nov-16,111.09,111.09,105.83,107.79,57134541,35.7
9-Nov-16,109.88,111.32,108.05,110.88,59176361,35.08
8-Nov-16,110.31,111.72,109.7,111.06,24254179,35.98
7-Nov-16,110.08,110.51,109.46,110.41,32560000,36.32
4-Nov-16,108.53,110.25,108.11,108.84,30836997,37
3-Nov-16,110.98,111.46,109.55,109.83,26932602,37.13
2-Nov-16,111.4,112.35,111.23,111.59,28331709,37.04
1-Nov-16,113.46,113.77,110.53,111.49,43825812,37.73
31-Oct-16,113.65,114.23,113.2,113.54,26419398,37.28
28-Oct-16,113.87,115.21,113.45,113.72,37861662,36.87
27-Oct-16,115.39,115.86,114.1,114.48,34562045,36.75
26-Oct-16,114.31,115.7,113.31,115.59,66134219,37.41
25-Oct-16,117.95,118.36,117.31,118.25,48128970,37.42
24-Oct-16,117.1,117.74,117,117.65,23538673,37.57
21-Oct-16,116.81,116.91,116.28,116.6,23192665,37.39
20-Oct-16,116.86,117.38,116.33,117.06,24125801,37.16
19-Oct-16,117.25,117.76,113.8,117.12,20034594,37.39
18-Oct-16,118.18,118.21,117.45,117.47,24553478,37.06
17-Oct-16,117.33,117.84,116.78,117.55,23624896,35.74
14-Oct-16,117.88,118.17,117.13,117.63,35652191,35.97
13-Oct-16,116.79,117.44,115.72,116.98,35192406,35.59
12-Oct-16,117.35,117.98,116.75,117.34,37586787,35.38
11-Oct-16,117.7,118.69,116.2,116.3,64041043,36
10-Oct-16,115.02,116.75,114.72,116.05,36235956,36.15
7-Oct-16,114.31,114.56,113.51,114.06,24358443,35.7
6-Oct-16,113.7,114.34,113.13,113.89,28779313,35.66
5-Oct-16,113.4,113.66,112.69,113.05,21453089,35.11
4-Oct-16,113.06,114.31,112.63,113,29736835,34.28
3-Oct-16,112.71,113.05,112.28,112.52,21701760,34.7
30-Sep-16,112.46,113.37,111.8,113.05,36379106,34.33
29-Sep-16,113.16,113.8,111.8,112.18,35886990,34.52
28-Sep-16,113.69,114.64,113.43,113.95,29641085,34.64
27-Sep-16,113,113.18,112.34,113.09,24607412,34.73
26-Sep-16,111.64,113.39,111.55,112.88,29869442,35.76
23-Sep-16,114.42,114.79,111.55,112.71,52481151,36.02
22-Sep-16,114.35,114.94,114,114.62,31073984,36.97
21-Sep-16,113.85,113.99,112.44,113.55,36003185,36.83
20-Sep-16,113.05,114.12,112.51,113.57,34514269,37.56
19-Sep-16,115.19,116.18,113.25,113.58,47023046,37.58
16-Sep-16,115.12,116.13,114.04,114.92,79886911,37.63
15-Sep-16,113.86,115.73,113.49,115.57,90613177,38.15
14-Sep-16,108.73,113.03,108.6,111.77,112340318,38.29
13-Sep-16,107.51,108.79,107.24,107.95,62176190,38.6
12-Sep-16,102.65,105.72,102.53,105.44,45292770,39.51
9-Sep-16,104.64,105.72,103.13,103.13,46556984,39.34
8-Sep-16,107.25,107.27,105.24,105.52,53002026,40.46
7-Sep-16,107.83,108.76,107.07,108.36,42364328,40.54
6-Sep-16,107.9,108.3,107.51,107.7,26880391,41.11
2-Sep-16,107.7,108,106.82,107.73,26334858,41.27
1-Sep-16,106.14,106.8,105.62,106.73,26701523,41.76
31-Aug-16,105.66,106.57,105.64,106.1,29662406,41.6
30-Aug-16,105.8,106.5,105.5,106,24863945,40.98
29-Aug-16,106.62,107.44,106.29,106.82,24970300,41.05
26-Aug-16,107.41,107.95,106.31,106.94,27766291,40.54
25-Aug-16,107.39,107.88,106.68,107.57,25086248,40.36
24-Aug-16,108.56,108.75,107.68,108.03,23675081,39.81
23-Aug-16,108.59,109.32,108.53,108.85,21257669,41.28
22-Aug-16,108.86,109.1,107.85,108.51,25820230,41.31
19-Aug-16,108.77,109.69,108.36,109.36,25368072,41.32
18-Aug-16,109.23,109.6,109.02,109.08,21984703,42.01
17-Aug-16,109.1,109.37,108.34,109.22,25355976,42.19
16-Aug-16,109.63,110.23,109.21,109.38,33794448,42.65
15-Aug-16,108.14,109.54,108.08,109.48,25868209,42.88
12-Aug-16,107.78,108.44,107.78,108.18,18660434,43.19
11-Aug-16,108.52,108.93,107.85,107.93,27484506,44.96
10-Aug-16,108.71,108.9,107.76,108,24008505,45.43
9-Aug-16,108.23,108.94,108.01,108.81,26315204,44.21
8-Aug-16,107.52,108.37,107.16,108.37,28037220,44.36
5-Aug-16,106.27,107.65,106.18,107.48,40553402,44.22
4-Aug-16,105.58,106,105.28,105.87,27408650,43.92
3-Aug-16,104.81,105.84,104.77,105.79,30202641,44.12
2-Aug-16,106.05,106.07,104,104.48,33816556,44.01
1-Aug-16,104.41,106.15,104.41,106.05,38167871,43.98
29-Jul-16,104.19,104.55,103.68,104.21,27733688,43.61
28-Jul-16,102.83,104.45,102.82,104.34,39869839,43
27-Jul-16,104.26,104.35,102.75,102.95,92344820,43.45
26-Jul-16,96.82,97.97,96.42,96.67,56239822,44.19
25-Jul-16,98.25,98.84,96.92,97.34,40382921,44.69
22-Jul-16,99.26,99.3,98.31,98.66,28313669,45.47
21-Jul-16,99.83,101,99.13,99.43,32702028,45.3
20-Jul-16,100,100.46,99.74,99.96,26275968,45.52
19-Jul-16,99.56,100,99.34,99.87,23779924,45.15
18-Jul-16,98.7,100.13,98.6,99.83,36493867,45.43
15-Jul-16,98.92,99.3,98.5,98.78,30136990,45.24
14-Jul-16,97.39,98.99,97.32,98.79,38918997,44
13-Jul-16,97.41,97.67,96.84,96.87,25892171,43.86
12-Jul-16,97.17,97.7,97.12,97.42,24167463,43.08
11-Jul-16,96.75,97.65,96.73,96.98,23794945,42.93
8-Jul-16,96.49,96.89,96.05,96.68,28912103,44.06
7-Jul-16,95.7,96.5,95.62,95.94,25139558,43.82
6-Jul-16,94.6,95.66,94.37,95.53,30949090,44.77
5-Jul-16,95.39,95.4,94.46,94.99,27705210,44.1
1-Jul-16,95.49,96.46,95.33,95.89,26026540,44.97
30-Jun-16,94.44,95.77,94.3,95.6,35836356,45
29-Jun-16,93.97,94.55,93.63,94.4,36531006,45.27
28-Jun-16,92.9,93.66,92.14,93.59,40444914,44.45
27-Jun-16,93,93.05,91.5,92.04,46622188,45.2
24-Jun-16,92.91,94.66,92.65,93.4,75311356,45.45
23-Jun-16,95.94,96.29,95.25,96.1,32240187,45.35
22-Jun-16,96.25,96.89,95.35,95.55,29219122,45.74
21-Jun-16,94.94,96.35,94.68,95.91,35546358,45.46
20-Jun-16,96,96.57,95.03,95.1,34411901,45.86
17-Jun-16,96.62,96.65,95.3,95.33,61008219,45.68
16-Jun-16,96.45,97.75,96.07,97.55,31326815,45.79
15-Jun-16,97.82,98.41,97.03,97.14,29445227,45.95
14-Jun-16,97.32,98.48,96.75,97.46,31931944,45.76
13-Jun-16,98.69,99.12,97.1,97.34,38020494,45.77
10-Jun-16,98.53,99.35,98.48,98.83,31712936,45.89
9-Jun-16,98.5,99.99,98.46,99.65,26601354,45.8
8-Jun-16,99.02,99.56,98.68,98.94,20848131,46.03
7-Jun-16,99.25,99.87,98.96,99.03,22409450,46.32
6-Jun-16,97.99,101.89,97.55,98.63,23292504,46.45
3-Jun-16,97.79,98.27,97.45,97.92,28504888,46.23
2-Jun-16,97.6,97.84,96.63,97.72,40191600,46.38
1-Jun-16,99.02,99.54,98.33,98.46,29173285,46.5
31-May-16,99.6,100.4,98.82,99.86,42307212,46.47
27-May-16,99.44,100.47,99.24,100.35,36229530,46.24
26-May-16,99.68,100.73,98.64,100.41,56093437,46.08
25-May-16,98.67,99.74,98.11,99.62,38168760,47.08
24-May-16,97.22,98.09,96.84,97.9,35036561,47.33
23-May-16,95.87,97.19,95.67,96.43,37860535,47.71
20-May-16,94.64,95.43,94.52,95.22,31804564,47.68
19-May-16,94.64,94.64,93.57,94.2,29693945,48.02
18-May-16,94.16,95.21,93.89,94.56,41923114,48.92
17-May-16,94.55,94.7,93.01,93.49,46507449,48.81
16-May-16,92.39,94.39,91.65,93.88,61140610,49.2
13-May-16,90,91.67,90,90.52,44188153,49.38
12-May-16,92.72,92.78,89.47,90.34,76109795,49.78
11-May-16,93.48,93.57,92.46,92.51,28539912,48.66
10-May-16,93.33,93.57,92.11,93.42,33592465,48.41
9-May-16,93,93.77,92.59,92.79,32855251,47.53
6-May-16,93.37,93.45,91.85,92.72,43458189,46.67
5-May-16,94,94.07,92.68,93.24,35763138,48.21
4-May-16,95.2,95.9,93.82,94.19,40824776,48.77
3-May-16,94.2,95.74,93.68,95.18,56533960,49.12
2-May-16,93.96,94.08,92.4,93.64,47736879,49.03
29-Apr-16,93.99,94.72,92.51,93.74,68334434,48.01
28-Apr-16,97.61,97.88,94.25,94.83,81990674,48.47
27-Apr-16,96,98.71,95.68,97.82,113538389,49.29
26-Apr-16,103.91,105.3,103.91,104.35,40338403,49.19
25-Apr-16,105,105.65,104.51,105.08,27950966,49.06
22-Apr-16,105.01,106.48,104.62,105.68,33477142,49.5
21-Apr-16,106.93,106.93,105.52,105.97,31356434,50.27
20-Apr-16,106.64,108.09,106.06,107.13,28666865,50.74
19-Apr-16,107.88,108,106.23,106.91,32292344,51.17
18-Apr-16,108.89,108.95,106.94,107.48,60834027,50.65
15-Apr-16,112.11,112.3,109.73,109.85,46418482,50.98
14-Apr-16,111.62,112.39,111.33,112.1,25337435,51.31
13-Apr-16,110.8,112.34,110.8,112.04,32691799,51.41
12-Apr-16,109.34,110.5,108.66,110.44,26812000,51.88
11-Apr-16,108.97,110.61,108.83,109.02,28313525,51.19
8-Apr-16,108.91,109.77,108.17,108.66,23514462,50.08
7-Apr-16,109.95,110.42,108.12,108.54,30881022,48.37
6-Apr-16,110.23,110.98,109.2,110.96,26047772,48.95
5-Apr-16,109.51,110.73,109.42,109.81,26495312,48.98
4-Apr-16,110.42,112.19,110.27,111.12,37243224,49.74
1-Apr-16,108.78,110,108.2,109.99,25626163,50.46
31-Mar-16,109.72,109.9,108.88,108.99,25685672,49.9
30-Mar-16,108.65,110.42,108.6,109.56,45159861,50.3
29-Mar-16,104.89,107.79,104.88,107.68,30774115,51.37
28-Mar-16,106,106.19,105.06,105.19,19303557,51.43
24-Mar-16,105.47,106.25,104.89,105.67,25480914,50.77
23-Mar-16,106.48,107.07,105.9,106.13,25452612,50.82
22-Mar-16,105.25,107.29,105.21,106.72,32232567,50.35
21-Mar-16,105.93,107.65,105.14,105.91,35180796,49.52
18-Mar-16,106.34,106.5,105.19,105.92,43402289,50.28
17-Mar-16,105.52,106.47,104.96,105.8,34244593,50.51
16-Mar-16,104.61,106.31,104.59,105.97,37893758,49.35
15-Mar-16,103.96,105.18,103.85,104.58,40067734,47.14
14-Mar-16,101.91,102.91,101.78,102.52,25027426,47.81
11-Mar-16,102.24,102.28,101.5,102.26,27200833,47.24
10-Mar-16,101.41,102.24,100.15,101.17,33513577,48.47
9-Mar-16,101.31,101.58,100.27,101.12,27130729,48.74
8-Mar-16,100.78,101.76,100.4,101.03,31274161,48.46
7-Mar-16,102.39,102.83,100.96,101.87,35828909,49.28
4-Mar-16,102.37,103.75,101.37,103.01,45936485,50.22
3-Mar-16,100.58,101.71,100.45,101.5,36792245,50.06
2-Mar-16,100.51,100.89,99.64,100.75,33084941,50.14
1-Mar-16,97.65,100.77,97.42,100.53,50153943,49.8
29-Feb-16,96.86,98.23,96.65,96.69,34876558,49.79
26-Feb-16,97.2,98.02,96.58,96.91,28913208,49.22
25-Feb-16,96.05,96.76,95.25,96.76,27393905,48.74
24-Feb-16,93.98,96.38,93.32,96.1,36155642,48.41
23-Feb-16,96.4,96.5,94.55,94.69,31686699,48.29
22-Feb-16,96.31,96.9,95.92,96.88,34048195,48.3
19-Feb-16,96,96.76,95.8,96.04,34485576,47.87
18-Feb-16,98.84,98.89,96.09,96.26,38494442,47.26
17-Feb-16,96.67,98.21,96.15,98.12,44390173,47.49
16-Feb-16,95.02,96.85,94.61,96.64,47490678,48.02
12-Feb-16,94.19,94.5,93.01,93.99,40121670,47.49
11-Feb-16,93.79,94.72,92.59,93.7,49686210,46.78
10-Feb-16,95.92,96.35,94.1,94.27,42244975,47.41
9-Feb-16,94.29,95.94,93.93,94.99,44262912,48.27
8-Feb-16,93.13,95.7,93.04,95.01,53852284,48.92
5-Feb-16,96.52,96.92,93.69,94.02,45853883,50.1
4-Feb-16,95.86,97.33,95.19,96.6,46263907,50.43
3-Feb-16,95,96.84,94.08,96.35,45366710,50.06
2-Feb-16,95.42,96.04,94.28,94.48,37081206,50.02
1-Feb-16,96.47,96.71,95.4,96.43,40571593,49.54
29-Jan-16,94.79,97.34,94.35,97.34,64010141,50.02
28-Jan-16,93.79,94.52,92.39,94.09,55557109,49.47
27-Jan-16,96.04,96.63,93.34,93.42,132224500,49.74
26-Jan-16,99.93,100.88,98.07,99.99,63538305,49.94
25-Jan-16,101.52,101.53,99.21,99.44,51196375,49.54
22-Jan-16,98.63,101.46,98.37,101.42,65562769,49.52
21-Jan-16,97.06,97.88,94.94,96.3,52054521,49.66
20-Jan-16,95.1,98.19,93.42,96.79,72008265,49.92
19-Jan-16,98.41,98.65,95.5,96.66,52841349,49.6
15-Jan-16,96.2,97.71,95.36,97.13,79010008,49.51
14-Jan-16,97.96,100.48,95.74,99.52,62424154,48.64
13-Jan-16,100.32,101.19,97.3,97.39,61745031,47.61
12-Jan-16,100.55,100.69,98.84,99.96,49154227,48.02
11-Jan-16,98.97,99.06,97.34,98.53,49739377,48.55
8-Jan-16,98.55,99.11,96.76,96.96,70798016,48.65
7-Jan-16,98.68,100.13,96.43,96.45,81094428,47.89
6-Jan-16,100.56,102.37,99.87,100.7,68457388,47.77
5-Jan-16,105.75,105.85,102.41,102.71,55790992,47.46
4-Jan-16,102.61,105.37,102,105.35,67281190,48.11
31-Dec-15,107.01,107.03,104.82,105.26,40912316,47.86
30-Dec-15,108.58,108.7,107.18,107.32,25213777,48.2
29-Dec-15,106.96,109.43,106.86,108.74,30931243,49.69
28-Dec-15,107.59,107.69,106.18,106.82,26704210,49.36
24-Dec-15,109,109,107.95,108.03,13596680,49.44
23-Dec-15,107.27,108.85,107.2,108.61,32657354,49.06
22-Dec-15,107.4,107.72,106.45,107.23,32789367,48.29
21-Dec-15,107.28,107.37,105.57,107.33,47590610,47.43
18-Dec-15,108.91,109.52,105.81,106.03,96453327,47.46
17-Dec-15,112.02,112.25,108.98,108.98,44772827,47.36
16-Dec-15,111.07,111.99,108.8,111.34,56238467,46.56
15-Dec-15,111.94,112.8,110.35,110.49,53323105,46.66
14-Dec-15,112.18,112.68,109.79,112.48,64318732,47.49
11-Dec-15,115.19,115.39,112.85,113.18,46886161,46.68
10-Dec-15,116.04,116.94,115.51,116.17,29212727,46.45
9-Dec-15,115.3,117.69,115.08,115.62,46361357,45.75
8-Dec-15,117.52,118.6,116.86,118.23,34309450,45.05
7-Dec-15,118.32,119.86,117.81,118.28,32084249,46.47
4-Dec-15,115.29,119.25,115.11,119.03,57776977,46.09
3-Dec-15,115.24,116.79,114.22,115.2,41569509,47.32
2-Dec-15,117.34,118.11,116.08,116.28,33198964,46.62
1-Dec-15,118.75,118.81,116.86,117.34,34700991,47.43
30-Nov-15,117.99,119.41,117.75,118.3,37658671,47.89
27-Nov-15,118.29,118.41,117.6,117.81,13043720,47.72
25-Nov-15,119.21,119.23,117.92,118.03,21388308,47.95
24-Nov-15,117.33,119.35,117.12,118.88,42426855,49.04
23-Nov-15,119.27,119.73,117.34,117.75,32266736,49.92
20-Nov-15,119.2,119.92,118.85,119.3,34103529,50.25
19-Nov-15,117.64,119.75,116.76,118.78,42908179,51.03
18-Nov-15,115.76,117.49,115.5,117.29,46163404,51.39
17-Nov-15,114.92,115.05,113.32,113.69,27253964,50.57
16-Nov-15,111.38,114.24,111,114.18,37651022,50.54
13-Nov-15,115.2,115.57,112.27,112.34,45164053,51.15
12-Nov-15,116.26,116.82,115.65,115.72,32262598,51.11
11-Nov-15,116.37,117.42,115.21,116.11,45104903,52.13
10-Nov-15,116.9,118.07,116.06,116.77,58635125,53.4
9-Nov-15,120.96,121.81,120.05,120.57,33657546,53.84
6-Nov-15,121.08,121.81,120.62,121.06,32931447,55.27
5-Nov-15,121.85,122.69,120.18,120.92,39258480,55.33
4-Nov-15,122.56,123.82,121.62,122,44343498,56.19
3-Nov-15,120.79,123.49,120.7,122.57,45331025,56.93
2-Nov-15,120.8,121.36,119.61,121.18,31761309,57.63
30-Oct-15,120.99,121.22,119.45,119.5,48811991,56.08
29-Oct-15,118.7,120.69,118.27,120.53,50240803,55.97
28-Oct-15,117.58,119.3,116.06,119.27,85023324,55.78
27-Oct-15,115.4,116.54,113.99,114.55,57953589,56.68
26-Oct-15,118.08,118.13,114.92,115.28,66019504,55.46
23-Oct-15,118.77,119.23,116.33,119.08,59139552,56.08
22-Oct-15,114.33,115.5,114.1,115.5,41272693,53.91
21-Oct-15,114,115.58,113.7,113.76,41795238,53.37
20-Oct-15,111.34,114.17,110.82,113.77,48778770,50.46
19-Oct-15,110.8,111.75,110.11,111.73,29606075,53.43
16-Oct-15,111.78,112,110.53,111.04,38236278,51.96
15-Oct-15,110.93,112.1,110.49,111.86,37340996,53.39
14-Oct-15,111.29,111.52,109.56,110.21,44325611,53.86
13-Oct-15,110.82,112.45,110.68,111.79,32424018,54.77
12-Oct-15,112.73,112.75,111.44,111.6,30114425,54.35
9-Oct-15,111.64,112.28,109.49,112.12,52533783,54.35
8-Oct-15,110.06,110.19,108.21,109.5,61698450,52.29
7-Oct-15,110.47,111.77,109.41,110.78,46602587,50.86
6-Oct-15,110.63,111.74,109.76,111.31,48196751,50.92
5-Oct-15,110.08,111.37,109.07,110.78,51723110,53.37
2-Oct-15,108.01,111.01,107.55,110.38,57560431,53.74
1-Oct-15,109.07,109.62,107.31,109.58,63747954,53.39
30-Sep-15,110.17,111.54,108.73,110.3,66105030,54.8
29-Sep-15,112.83,113.51,107.86,109.06,73135853,55.71
28-Sep-15,113.85,114.57,112.44,112.44,51723929,55.71
25-Sep-15,116.44,116.69,114.02,114.71,55842210,54.98
24-Sep-15,113.25,115.5,112.37,115,49810647,54.43
23-Sep-15,113.63,114.72,113.3,114.32,35645658,53.44
22-Sep-15,113.38,114.18,112.52,113.4,49809010,54.25
21-Sep-15,113.67,115.37,113.66,115.21,46554289,54.85
18-Sep-15,112.21,114.3,111.87,113.45,73418992,54.88
17-Sep-15,115.66,116.49,113.72,113.92,63462713,53.93
16-Sep-15,116.25,116.54,115.44,116.41,36909956,54.28
15-Sep-15,115.93,116.53,114.42,116.28,43004052,54.95
14-Sep-15,116.58,116.89,114.86,115.31,58201862,55.61
11-Sep-15,111.79,114.21,111.76,114.21,49441846,56.14
10-Sep-15,110.27,113.28,109.9,112.57,62675234,57.21
9-Sep-15,113.76,114.02,109.77,110.15,84344438,58.8
8-Sep-15,111.75,112.56,110.32,112.31,54114204,59.06
4-Sep-15,108.97,110.45,108.51,109.27,49628615,58.88
3-Sep-15,112.49,112.78,110.04,110.37,52906410,57.4
2-Sep-15,110.23,112.34,109.13,112.34,61520170,57.76
1-Sep-15,110.15,111.88,107.36,107.72,75988194,57.6
31-Aug-15,112.03,114.53,112,112.76,55962842,57.04
28-Aug-15,112.17,113.31,111.54,113.29,52896384,56.72
27-Aug-15,112.23,113.24,110.02,112.92,83265146,55.8
26-Aug-15,107.08,109.89,105.05,109.69,96226269,54.47
25-Aug-15,111.11,111.11,103.5,103.74,102240208,53.51
24-Aug-15,94.87,108.8,92,103.12,161454199,53.21
21-Aug-15,110.43,111.9,105.64,105.76,126289223,54.04
20-Aug-15,114.08,114.35,111.63,112.65,67765523,53.91
19-Aug-15,116.1,116.52,114.68,115.01,48286510,52.83
18-Aug-15,116.43,117.44,116.01,116.5,34560708,55.54
17-Aug-15,116.04,117.65,115.5,117.16,40884745,57.18
14-Aug-15,114.32,116.31,114.01,115.96,42929516,57.46
13-Aug-15,116.04,116.4,114.54,115.15,48535789,58.35
12-Aug-15,112.53,115.42,109.63,115.24,101685610,60.29
11-Aug-15,117.81,118.18,113.33,113.49,97082814,60
10-Aug-15,116.53,119.99,116.53,119.72,54951597,60.32
7-Aug-15,114.58,116.25,114.5,115.52,38670405,56.95
6-Aug-15,115.97,116.5,114.12,115.13,52903040,56.47
5-Aug-15,112.95,117.44,112.1,115.4,99312613,56.12
4-Aug-15,117.42,117.7,113.25,114.64,124138623,57.97
3-Aug-15,121.5,122.57,117.52,118.44,69975968,56.82
31-Jul-15,122.6,122.64,120.91,121.3,42884953,57.23
30-Jul-15,122.32,122.57,121.71,122.37,33628268,57.81
29-Jul-15,123.15,123.5,122.27,122.99,37011653,57.85
28-Jul-15,123.38,123.91,122.55,123.38,33618097,57.83
27-Jul-15,123.09,123.61,122.12,122.77,44455540,56.64
24-Jul-15,125.32,125.74,123.9,124.5,42162332,56.77
23-Jul-15,126.2,127.09,125.06,125.16,50999452,57.58
22-Jul-15,121.99,125.5,121.99,125.22,115450607,57.18
21-Jul-15,132.85,132.92,130.32,130.75,76756427,57.1
20-Jul-15,130.97,132.97,130.7,132.07,58900203,58.03
17-Jul-15,129.08,129.62,128.31,129.62,46164710,56.47
16-Jul-15,127.74,128.57,127.35,128.51,36222447,55.03
15-Jul-15,125.72,127.15,125.58,126.82,33649200,54.95
14-Jul-15,126.04,126.37,125.04,125.61,31768139,54.18
13-Jul-15,125.03,125.76,124.32,125.66,41440538,55.55
10-Jul-15,121.94,123.85,121.21,123.28,61354474,54.97
9-Jul-15,123.85,124.06,119.22,120.07,78595038,53.92
8-Jul-15,124.48,124.64,122.54,122.57,60761614,53.56
7-Jul-15,125.89,126.15,123.77,125.69,46946811,52.72
6-Jul-15,124.94,126.23,124.85,126,28060431,53.79
2-Jul-15,126.43,126.69,125.77,126.44,27210952,52.43
1-Jul-15,126.9,126.94,125.99,126.6,30238811,51.94
30-Jun-15,125.57,126.12,124.86,125.42,44370682,53.73
29-Jun-15,125.46,126.47,124.48,124.53,49161427,53.31
26-Jun-15,127.67,127.99,126.51,126.75,44066841,54.6
25-Jun-15,128.86,129.2,127.5,127.5,31938100,55.42
24-Jun-15,127.21,129.8,127.12,128.11,55280855,55.67
23-Jun-15,127.48,127.61,126.88,127.03,30268863,56.14
22-Jun-15,127.49,128.06,127.08,127.61,34039345,55.85
19-Jun-15,127.71,127.82,126.4,126.6,54716887,55.58
18-Jun-15,127.23,128.31,127.22,127.88,35407220,55.81
17-Jun-15,127.72,127.88,126.74,127.3,32918071,56.23
16-Jun-15,127.03,127.85,126.37,127.6,31494131,55.98
15-Jun-15,126.1,127.24,125.71,126.92,43988946,55.54
12-Jun-15,128.18,128.33,127.11,127.17,36886246,54.31
11-Jun-15,129.18,130.18,128.48,128.59,35390887,54.13
10-Jun-15,127.92,129.34,127.85,128.88,39087250,54.43
9-Jun-15,126.7,128.08,125.62,127.42,56075420,54.6
8-Jun-15,128.9,129.21,126.83,127.8,52674786,56.56
5-Jun-15,129.5,129.69,128.36,128.65,35626800,56.64
4-Jun-15,129.58,130.58,128.91,129.36,38450118,56.94
3-Jun-15,130.66,130.94,129.9,130.12,30983542,57.62
2-Jun-15,129.86,130.66,129.32,129.96,33667627,58.08
1-Jun-15,130.28,131.39,130.05,130.54,32112797,57.52
29-May-15,131.23,131.45,129.9,130.28,50884452,57.87
28-May-15,131.86,131.95,131.1,131.78,30733309,57.86
27-May-15,130.34,132.26,130.05,132.04,45833246,58.75
26-May-15,132.6,132.91,129.12,129.62,70697560,59.06
22-May-15,131.6,132.97,131.4,132.54,45595972,59.72
21-May-15,130.07,131.63,129.83,131.39,39730364,60.34
20-May-15,130,130.98,129.34,130.06,36454932,60.25
19-May-15,130.69,130.88,129.64,130.07,44633240,60.46
18-May-15,128.38,130.72,128.36,130.19,50882918,60.36
15-May-15,129.07,129.49,128.21,128.77,38208034,60.2
14-May-15,127.41,128.95,127.16,128.95,45203456,59.97
13-May-15,126.15,127.19,125.87,126.01,34694235,60.67
12-May-15,125.6,126.88,124.82,125.86,48160032,61.3
11-May-15,127.39,127.56,125.62,126.32,42035757,61.11
8-May-15,126.68,127.62,126.11,127.62,55550382,60.04
7-May-15,124.77,126.08,124.02,125.26,43940895,61.06
6-May-15,126.56,126.75,123.36,125.01,72141010,60.06
5-May-15,128.15,128.45,125.78,125.8,49271416,63.81
4-May-15,129.5,130.57,128.26,128.7,50988278,63.52
1-May-15,126.1,130.13,125.3,128.95,58512638,63.9
30-Apr-15,128.64,127.88,124.58,125.15,83195423,64.72
29-Apr-15,130.16,131.59,128.3,128.64,63386083,65.21
28-Apr-15,134.46,134.54,129.57,130.56,118923970,65.17
27-Apr-15,132.31,133.13,131.15,132.65,96954207,65.02
24-Apr-15,130.49,130.63,129.23,130.28,44525905,65.67
23-Apr-15,128.3,130.42,128.14,129.67,45770902,66.28
22-Apr-15,126.99,128.87,126.32,128.62,37654505,66.98
21-Apr-15,128.1,128.2,126.67,126.91,32435057,68.1
20-Apr-15,125.57,128.12,125.17,127.6,47054310,70.45
17-Apr-15,125.55,126.14,124.46,124.75,51957046,70.49
16-Apr-15,126.28,127.1,126.11,126.17,28368987,71.8
15-Apr-15,126.41,127.13,126.01,126.78,28970419,72.78
14-Apr-15,127,127.29,125.91,126.3,25524593,71.1
13-Apr-15,128.37,128.57,126.61,126.85,36365123,71.74
10-Apr-15,125.95,127.21,125.26,127.1,40187953,71.73
9-Apr-15,125.85,126.58,124.66,126.56,32483974,73.55
8-Apr-15,125.85,126.4,124.97,125.6,37329243,73.29
7-Apr-15,127.64,128.12,125.98,126.01,35012268,73.77
6-Apr-15,124.47,127.51,124.33,127.35,37193975,74.63
2-Apr-15,125.03,125.56,124.19,125.32,32220131,75.11
1-Apr-15,124.82,125.12,123.1,124.25,40621437,76.49
31-Mar-15,126.09,126.49,124.36,124.43,42090553,77.49
30-Mar-15,124.05,126.4,124,126.37,47099670,77.78
27-Mar-15,124.57,124.7,122.91,123.25,39546151,77.88
26-Mar-15,122.76,124.88,122.6,124.24,47572869,76.17
25-Mar-15,126.54,126.82,123.38,123.38,51655177,75.75
24-Mar-15,127.23,128.04,126.56,126.69,32842304,75.81
23-Mar-15,127.12,127.85,126.52,127.21,37709674,77.43
20-Mar-15,128.25,128.4,125.16,125.9,68695136,77.88
19-Mar-15,128.75,129.25,127.4,127.5,45809490,78.86
18-Mar-15,127,129.16,126.37,128.47,65270945,81.16
17-Mar-15,125.9,127.32,125.65,127.04,51023104,84.23
16-Mar-15,123.88,124.95,122.87,124.95,35874300,83.65
13-Mar-15,124.4,125.4,122.58,123.59,51827283,83.65
12-Mar-15,122.31,124.9,121.63,124.45,48362719,85.87
11-Mar-15,124.75,124.77,122.11,122.24,68938974,86.57
10-Mar-15,126.41,127.22,123.8,124.51,68856582,86.07
9-Mar-15,127.96,129.57,125.06,127.14,88528487,85.62
6-Mar-15,128.4,129.37,126.26,126.6,72842060,85.15
5-Mar-15,128.58,128.75,125.76,126.41,56517146,86.71
4-Mar-15,129.1,129.56,128.32,128.54,31666340,87.78
3-Mar-15,128.96,129.52,128.09,129.36,37816283,88.23
2-Mar-15,129.25,130.28,128.3,129.09,48096663,87.12
27-Feb-15,130,130.57,128.24,128.46,62014847,85.65
26-Feb-15,128.78,130.87,126.61,130.42,91287529,88.38
25-Feb-15,131.56,131.6,128.15,128.79,74711746,89.9
24-Feb-15,132.94,133.6,131.17,132.17,69228130,89.19
23-Feb-15,130.02,133,129.66,133,70974110,90.53
20-Feb-15,128.62,129.5,128.05,129.5,48948419,90.89
19-Feb-15,128.48,129.03,128.33,128.45,37362381,89.78
18-Feb-15,127.62,128.78,127.45,128.72,44891737,89.46
17-Feb-15,127.49,128.88,126.92,127.83,63152405,88.97
13-Feb-15,127.28,127.28,125.65,127.08,54272219,86.46
12-Feb-15,126.06,127.48,125.57,126.46,74474466,82.88
11-Feb-15,122.77,124.92,122.5,124.88,73561797,87.1
10-Feb-15,120.17,122.15,120.16,122.02,62008506,86.91
9-Feb-15,118.55,119.84,118.43,119.72,38889797,83.92
6-Feb-15,120.02,120.25,118.45,118.93,43706567,81.85
5-Feb-15,120.02,120.23,119.25,119.94,42246245,81.67
4-Feb-15,118.5,120.51,118.31,119.56,70149743,80.04
3-Feb-15,118.5,119.09,117.61,118.65,51915749,87.14
2-Feb-15,118.05,119.17,116.08,118.63,62739100,86.81
30-Jan-15,118.4,120,116.85,117.16,83745461,86.14
29-Jan-15,116.32,119.19,115.56,118.9,84436432,83.43
28-Jan-15,117.62,118.12,115.31,115.31,146477063,83.16
27-Jan-15,112.42,112.48,109.03,109.14,95568749,83.71
26-Jan-15,113.74,114.36,112.8,113.1,55614979,83.12
23-Jan-15,112.3,113.75,111.53,112.98,46464828,80.75
22-Jan-15,110.26,112.47,109.72,112.4,53796409,81.35
21-Jan-15,108.95,111.06,108.27,109.55,48575897,81.17
20-Jan-15,107.84,108.97,106.5,108.72,49899907,81.31
16-Jan-15,107.03,107.58,105.2,105.99,78513345,81.5
15-Jan-15,110,110.06,106.66,106.82,60013996,80.96
14-Jan-15,109.04,110.49,108.5,109.8,48956588,79.75
13-Jan-15,111.43,112.8,108.91,110.22,67091928,79.02
12-Jan-15,112.6,112.63,108.8,109.25,49650790,78.01
9-Jan-15,112.67,113.25,110.21,112.01,53699527,75.73
8-Jan-15,109.23,112.15,108.7,111.89,59364547,75.77
7-Jan-15,107.2,108.2,106.7,107.75,40105934,80.18
6-Jan-15,106.54,107.43,104.63,106.26,65797116,79.57
5-Jan-15,108.29,108.65,105.41,106.25,64285491,81.51
2-Jan-15,111.39,111.44,107.35,109.33,53204626,80.76
31-Dec-14,112.82,113.13,110.21,110.38,41403351,80.33
30-Dec-14,113.64,113.92,112.11,112.52,29881477,81.75
29-Dec-14,113.79,114.77,113.7,113.91,27598920,82.74
26-Dec-14,112.1,114.52,112.01,113.99,33720951,82.53
24-Dec-14,112.58,112.71,112.01,112.01,14479611,80.14
23-Dec-14,113.23,113.33,112.46,112.54,26028419,80.61
22-Dec-14,112.16,113.49,111.97,112.94,45167549,80.4
19-Dec-14,112.26,113.24,111.66,111.78,88429770,81.64
18-Dec-14,111.87,112.65,110.66,112.65,59006218,81.67
17-Dec-14,107.12,109.84,106.82,109.41,53411773,82.9
16-Dec-14,106.37,110.16,106.26,106.74,60790733,81.6
15-Dec-14,110.7,111.6,106.35,108.22,67218082,82.31
12-Dec-14,110.46,111.87,109.58,109.73,56028138,81.74
11-Dec-14,112.26,113.8,111.34,111.62,41471578,81.65
10-Dec-14,114.41,114.85,111.54,111.95,44565318,82.02
9-Dec-14,110.19,114.3,109.35,114.12,60208036,83.68
8-Dec-14,114.1,114.65,111.62,112.4,57664850,83.92
5-Dec-14,115.99,116.08,114.64,115,38318895,83.68
4-Dec-14,115.77,117.2,115.29,115.49,42155776,82.52
3-Dec-14,115.75,116.35,115.11,115.93,43063440,83.16
2-Dec-14,113.5,115.75,112.75,114.63,59348940,81.54
1-Dec-14,118.81,119.25,111.27,115.07,83814037,81.72
28-Nov-14,119.27,119.4,118.05,118.93,24814402,82.07
26-Nov-14,117.94,119.1,117.83,119,40831886,81.29
25-Nov-14,119.07,119.75,117.45,117.6,68840440,83.43
24-Nov-14,116.85,118.77,116.62,118.62,47450824,84.65
21-Nov-14,117.51,117.57,116.03,116.47,57179298,85.63
20-Nov-14,114.91,116.86,114.85,116.31,43395537,87.13
19-Nov-14,115.44,115.74,113.8,114.67,41869160,86.55
18-Nov-14,113.94,115.69,113.89,115.47,44223978,87.7
17-Nov-14,114.27,117.28,113.3,113.99,46746712,86.89
14-Nov-14,113.15,114.19,113.05,114.18,44063595,86.35
13-Nov-14,111.8,113.45,111.6,112.82,59522855,85.56
12-Nov-14,109.38,111.43,109.37,111.25,46942431,86.42
11-Nov-14,108.7,109.75,108.4,109.7,27442252,86.7
10-Nov-14,109.02,109.33,108.67,108.83,27195547,86.71
7-Nov-14,108.75,109.32,108.55,109.01,33691535,86.61
6-Nov-14,108.6,108.79,107.8,108.7,34968457,87.76
5-Nov-14,109.1,109.3,108.12,108.86,37435905,86.33
4-Nov-14,109.36,109.49,107.72,108.6,41574365,86.26
3-Nov-14,108.22,110.3,108.01,109.4,52282550,85.85
31-Oct-14,108.01,108.04,107.21,108,44639285,82.14
30-Oct-14,106.96,107.35,105.9,106.98,40654793,82.13
29-Oct-14,106.65,107.37,106.36,107.34,52687879,83.59
28-Oct-14,105.4,106.74,105.35,106.74,48060949,85
27-Oct-14,104.85,105.48,104.7,105.11,34187701,87.25
24-Oct-14,105.18,105.49,104.53,105.22,47053916,86.69
23-Oct-14,104.08,105.05,103.63,104.83,71074674,86.83
22-Oct-14,102.84,104.11,102.6,102.99,68263146,87.96
21-Oct-14,103.02,103.02,101.27,102.47,94623904,88.94
20-Oct-14,98.32,99.96,98.22,99.76,77517279,88.7
17-Oct-14,97.5,99,96.81,97.67,68179688,88.55
16-Oct-14,95.55,97.72,95.41,96.26,72154523,88.68
15-Oct-14,97.97,99.15,95.18,97.54,100933600,88.81
14-Oct-14,100.39,100.52,98.57,98.75,63688562,90
13-Oct-14,101.33,101.78,99.81,99.81,53583368,90.24
10-Oct-14,100.69,102.03,100.3,100.73,66331592,90.12
9-Oct-14,101.54,102.38,100.61,101.02,77376525,90.91
8-Oct-14,98.76,101.11,98.31,100.8,57404674,92.59
7-Oct-14,99.43,100.12,98.73,98.75,42094183,95.02
6-Oct-14,99.95,100.65,99.42,99.62,37051182,93.72
3-Oct-14,99.44,100.21,99.04,99.62,43469585,95.55
2-Oct-14,99.27,100.22,98.04,99.9,47757828,94.66
1-Oct-14,100.59,100.69,98.7,99.18,51491286,94.75
30-Sep-14,100.81,101.54,100.53,100.75,55264139,96.53
29-Sep-14,98.65,100.44,98.63,100.11,49766312,96.4
26-Sep-14,98.53,100.75,98.4,100.75,62370501,96.21
25-Sep-14,100.51,100.71,97.72,97.87,100091990,94.84
24-Sep-14,102.16,102.85,101.2,101.75,60171828,95.03
23-Sep-14,100.6,102.94,100.54,102.64,63402196,96.42
22-Sep-14,101.8,102.14,100.58,101.06,52788426,95.75
19-Sep-14,102.29,102.35,100.88,100.96,70902406,96.61
18-Sep-14,101.93,102.35,101.56,101.79,37299435,97.21
17-Sep-14,101.27,101.8,100.59,101.58,60926498,94.68
16-Sep-14,99.8,101.26,98.89,100.86,66908133,94.37
15-Sep-14,102.81,103.05,101.44,101.63,61316516,95.68
12-Sep-14,101.21,102.19,101.08,101.66,64096903,97.57
11-Sep-14,100.41,101.44,99.62,101.43,62399743,98.75
10-Sep-14,98.01,101.11,97.76,101,100869587,99.97
9-Sep-14,99.08,103.08,96.14,97.99,189846255,100.27
8-Sep-14,99.3,99.31,98.05,98.36,46356742,100.3
5-Sep-14,98.8,99.39,98.31,98.97,58457035,99.81
4-Sep-14,98.85,100.09,97.79,98.12,85718221,100.01
3-Sep-14,103.1,103.2,98.58,98.94,125420521,98.68
2-Sep-14,103.06,103.74,102.72,103.3,53564262,96.22
29-Aug-14,102.86,102.9,102.2,102.5,44595247,95.03
28-Aug-14,102.13,102.78,101.56,102.25,68459801,97.33
27-Aug-14,101.02,102.57,100.7,102.13,52369011,95.3
26-Aug-14,101.42,101.5,100.86,100.89,33151984,94.2
25-Aug-14,101.79,102.17,101.28,101.54,40270173,94.47
22-Aug-14,100.29,101.47,100.19,101.32,44183834,95.92
21-Aug-14,100.57,100.94,100.11,100.58,33478198,95.26
20-Aug-14,100.44,101.09,99.95,100.57,52699192,93.23
19-Aug-14,99.41,100.68,99.32,100.53,69399270,91.17
18-Aug-14,98.49,99.37,97.98,99.16,47572413,90.84
15-Aug-14,97.9,98.19,96.86,97.98,48951331,91.56
14-Aug-14,97.33,97.57,96.8,97.5,28115566,89.7
13-Aug-14,96.15,97.24,96.04,97.24,31916439,89.96
12-Aug-14,96.04,96.88,95.61,95.97,33795352,90.68
11-Aug-14,95.27,96.08,94.84,95.99,36584844,92.83
8-Aug-14,94.26,94.82,93.28,94.74,41865193,92.09
7-Aug-14,94.93,95.95,94.1,94.48,46711179,90.38
6-Aug-14,94.75,95.48,94.71,94.96,38558342,87.12
5-Aug-14,95.36,95.68,94.36,95.12,55932663,90.58
4-Aug-14,96.37,96.58,95.17,95.59,39958144,87.62
1-Aug-14,94.9,96.62,94.81,96.13,48511286,88.12
31-Jul-14,97.16,97.45,95.33,95.6,56842647,87.08
30-Jul-14,98.44,98.7,97.67,98.15,33010001,86.29
29-Jul-14,99.33,99.44,98.25,98.38,43143095,85.05
28-Jul-14,97.82,99.24,97.55,99.02,55317689,85.22
25-Jul-14,96.85,97.84,96.64,97.67,43469117,82.4
24-Jul-14,97.04,97.32,96.42,97.03,45728843,83.52
23-Jul-14,95.42,97.88,95.17,97.19,92917719,83.26
22-Jul-14,94.68,94.89,94.12,94.72,55196597,79.71
21-Jul-14,94.99,95,93.72,93.94,39079002,76.82
18-Jul-14,93.62,94.74,93.02,94.43,49987593,78.15
17-Jul-14,95.03,95.28,92.57,93.09,57298243,77.55
16-Jul-14,96.97,97.1,94.74,94.78,53502415,77.56
15-Jul-14,96.8,96.85,95.03,95.32,45696176,76.7
14-Jul-14,95.86,96.89,95.65,96.45,42810155,75.09
11-Jul-14,95.36,95.89,94.86,95.22,34018228,75.38
10-Jul-14,93.76,95.55,93.52,95.04,39685552,80.82
9-Jul-14,95.44,95.95,94.76,95.39,36436440,80.13
8-Jul-14,96.27,96.8,93.92,95.35,65221678,80.24
7-Jul-14,94.14,95.99,94.1,95.97,56467939,81.64
3-Jul-14,93.67,94.1,93.2,94.03,22891753,84.22
2-Jul-14,93.86,94.06,93.09,93.48,28465073,83.54
1-Jul-14,93.52,94.07,93.13,93.52,38223477,83.28
30-Jun-14,92.1,93.72,92.09,92.93,49589028,84.19
27-Jun-14,90.82,92,90.77,91.98,64028803,83.61
26-Jun-14,90.37,91.05,89.8,90.9,32629359,83.74
25-Jun-14,90.21,90.7,89.65,90.36,36868541,82.26
24-Jun-14,90.75,91.74,90.19,90.28,39036087,76.97
23-Jun-14,91.32,91.62,90.6,90.83,43694391,78.18
20-Jun-14,91.85,92.55,90.9,90.91,100898066,76.18
19-Jun-14,92.29,92.3,91.34,91.86,35527686,75.69
18-Jun-14,92.27,92.29,91.35,92.18,33514108,77.34
17-Jun-14,92.31,92.7,91.8,92.08,29726347,77
16-Jun-14,91.51,92.75,91.45,92.2,35561270,75.67
13-Jun-14,92.2,92.44,90.88,91.28,54525280,72.83
12-Jun-14,94.04,94.12,91.9,92.29,54748791,74.12
11-Jun-14,94.13,94.76,93.47,93.86,45681114,76.27
10-Jun-14,94.73,95.05,93.57,94.25,62777042,75.19
9-Jun-14,92.7,93.88,91.75,93.7,75414804,74.53
6-Jun-14,92.84,93.04,92.07,92.22,87620911,74.19
5-Jun-14,92.31,92.77,91.8,92.48,75951141,74.31
4-Jun-14,91.06,92.56,90.87,92.12,83870521,73.29
3-Jun-14,89.78,91.25,89.75,91.08,73231620,73.58
2-Jun-14,90.57,90.69,88.93,89.81,92337903,72.8
30-May-14,91.14,92.02,89.84,90.43,141005137,76.02
29-May-14,89.69,90.98,89.68,90.77,94118633,78.43
28-May-14,89.43,89.98,89.11,89.14,78921885,77.44
27-May-14,87.98,89.41,87.95,89.38,87216605,75.29
23-May-14,86.75,87.82,86.64,87.73,58052491,74.8
22-May-14,86.66,87.12,86.3,86.75,50218945,75.04
21-May-14,86.26,86.67,86.01,86.62,49249914,73.87
20-May-14,86.36,86.63,85.82,86.39,58708986,74.79
19-May-14,85.41,86.76,85.33,86.37,79439024,74.33
16-May-14,84.09,85.36,83.63,85.36,69091834,71.68
15-May-14,84.96,85.23,84.01,84.12,57711731,69.42
14-May-14,84.63,85.34,84.53,84.84,41600846,72.3
13-May-14,84.57,84.93,84.39,84.82,39934594,71.81
12-May-14,83.93,84.81,83.91,84.69,53324677,71.43
9-May-14,83.51,83.75,82.9,83.65,72899498,72.11
8-May-14,84.04,84.92,83.77,84,57574363,73.43
7-May-14,85.04,85.33,83.96,84.62,70715988,64.36
6-May-14,85.97,86.34,84.92,84.92,93641373,62.84
5-May-14,84.31,85.86,84.29,85.85,71766758,64.26
2-May-14,84.62,84.89,84.24,84.65,47878572,65.47
1-May-14,84.57,84.97,83.77,84.5,61052418,65.26
30-Apr-14,84.66,85.63,84.26,84.3,114220883,65.07
29-Apr-14,84.82,85.14,84.22,84.62,84344673,64.8
28-Apr-14,81.83,85.11,81.79,84.87,167371680,63.19
25-Apr-14,80.65,81.71,80.57,81.71,97568814,65.41
24-Apr-14,81.17,81.43,80.1,81.11,189978082,65.34
23-Apr-14,75.58,75.88,74.92,74.96,98735259,66.89
22-Apr-14,75.47,75.98,75.21,75.96,50664453,67.85
21-Apr-14,75.05,76.02,74.85,75.88,45668931,68.56
17-Apr-14,74.29,75.39,74.17,74.99,71106721,66.84
16-Apr-14,74.01,74.44,73.45,74.14,53732994,66.72
15-Apr-14,74.32,74.52,73.05,73.99,66622577,66.66
14-Apr-14,74.56,74.59,73.89,74.53,51445177,65.74
11-Apr-14,74.14,74.69,73.88,74.23,67975012,65.71
10-Apr-14,75.81,76.03,74.74,74.78,59912818,64.12
9-Apr-14,74.66,75.78,74.57,75.76,51542722,63.72
8-Apr-14,75.03,75.16,74.1,74.78,60971883,64.4
7-Apr-14,75.43,75.84,74.56,74.78,72462530,63.26
4-Apr-14,77.12,77.14,75.8,75.97,68812485,64.14
3-Apr-14,77.34,77.5,76.81,76.97,40648111,63.51
2-Apr-14,77.48,77.64,77.18,77.51,45104871,63.06
1-Apr-14,76.82,77.41,76.68,77.38,50189685,61.5
31-Mar-14,77.03,77.26,76.56,76.68,42167188,60.01
28-Mar-14,76.9,76.99,76.32,76.69,50141063,61.59
27-Mar-14,77.14,77.36,76.45,76.78,55507676,60.81
26-Mar-14,78.07,78.43,76.98,77.11,74942224,61.51
25-Mar-14,77.36,77.96,77.08,77.86,70573356,61.67
24-Mar-14,76.92,77.21,76.44,77.03,88924871,62.55
21-Mar-14,75.99,76.25,75.19,76.12,93612169,61.2
20-Mar-14,75.7,76.1,75.34,75.53,52099537,61.19
19-Mar-14,76.04,76.61,75.57,75.89,56188958,61.79
18-Mar-14,75.13,76,75.03,75.91,52411863,63.38
17-Mar-14,75.39,75.71,75.12,75.25,49886074,65.1
14-Mar-14,75.54,75.84,74.71,74.96,59299492,64.93
13-Mar-14,76.78,77.09,75.59,75.81,64435609,64.58
12-Mar-14,76.36,76.76,76,76.66,50195460,64.68
11-Mar-14,76.49,76.96,76.08,76.58,70198849,65.99
10-Mar-14,75.48,76.19,75.48,75.85,44691430,66.23
7-Mar-14,75.87,76,75.15,75.78,55415241,65.88
6-Mar-14,76.11,76.35,75.44,75.82,46423111,64.58
5-Mar-14,75.85,76.39,75.59,76.05,50065519,63.24
4-Mar-14,75.86,76.09,75.4,75.89,64884834,61.27
3-Mar-14,74.77,75.81,74.69,75.39,59784494,61.4
28-Feb-14,75.58,76.11,74.59,75.18,93074653,61.71
27-Feb-14,73.88,75.54,73.72,75.38,75557321,61.1
26-Feb-14,74.8,75,73.66,73.91,69131286,60.46
25-Feb-14,75.63,75.65,74.43,74.58,58247350,60.89
24-Feb-14,74.74,75.7,74.63,75.36,72364950,61
21-Feb-14,76.11,76.37,74.94,75.04,69757247,62.24
20-Feb-14,76.14,76.71,75.57,75.88,76529103,62.05
19-Feb-14,77.82,78.13,76.34,76.77,78554420,61.4
18-Feb-14,78,78.74,77.94,78,65306248,59.98
14-Feb-14,77.5,78,77.32,77.71,68468036,60.89
13-Feb-14,76.38,77.84,76.31,77.78,76960156,57.54
12-Feb-14,76.71,77.08,76.18,76.56,77127064,56.01
11-Feb-14,75.8,76.82,75.64,76.57,70672252,55.79
10-Feb-14,74.09,76,74,75.57,86451022,56.95
7-Feb-14,74.48,74.7,73.91,74.24,93638601,58.02
6-Feb-14,72.87,73.36,72.54,73.22,64497223,57.92
5-Feb-14,72.37,73.61,72.32,73.23,82322156,58.34
4-Feb-14,72.26,72.78,71.82,72.68,94273543,59.6
3-Feb-14,71.8,72.53,71.33,71.65,100620772,61.45
31-Jan-14,70.74,71.65,70.51,71.51,116336444,63.25
30-Jan-14,71.79,72.36,70.96,71.4,169762789,62.76
29-Jan-14,71.99,72.48,71.23,71.54,125942796,63.65
28-Jan-14,72.68,73.57,71.72,72.36,266833581,64.28
27-Jan-14,78.58,79.26,77.96,78.64,144219152,65.82
24-Jan-14,79.14,79.37,77.82,78.01,108384437,65.52
23-Jan-14,78.56,79.5,77.83,79.45,100978346,66.26
22-Jan-14,78.7,79.61,78.26,78.79,95219334,65.25
21-Jan-14,77.28,78.58,77.2,78.44,82255544,64.71
17-Jan-14,78.78,78.87,77.13,77.24,108426689,64.96
16-Jan-14,79.27,79.55,78.81,79.18,57471330,63.41
15-Jan-14,79.07,80.03,78.81,79.62,98472619,61.26
14-Jan-14,76.89,78.1,76.81,78.06,83734371,62.08
13-Jan-14,75.7,77.5,75.7,76.53,94860843,61.89
10-Jan-14,77.12,77.26,75.87,76.13,76320664,63.28
9-Jan-14,78.11,78.12,76.48,76.65,69905199,62.81
8-Jan-14,76.97,77.94,76.96,77.64,64686685,63.05
7-Jan-14,77.76,77.99,76.85,77.15,79432766,63.16
6-Jan-14,76.78,78.11,76.23,77.7,103359151,63.59
3-Jan-14,78.98,79.1,77.2,77.28,98303870,63.06
2-Jan-14,79.38,79.58,78.86,79.02,58791957,63.56
31-Dec-13,79.17,80.18,79.14,80.15,55819372,64.51
30-Dec-13,79.64,80.01,78.9,79.22,63407722,64.25
27-Dec-13,80.55,80.63,79.93,80.01,56471317,64.39
26-Dec-13,81.16,81.36,80.48,80.56,51002035,64.19
24-Dec-13,81.41,81.7,80.86,81.1,41888735,63.59
23-Dec-13,81.14,81.53,80.39,81.44,125326831,62.64
20-Dec-13,77.91,78.8,77.83,78.43,109103435,63.12
19-Dec-13,78.38,78.57,77.68,77.78,80239369,62.7
18-Dec-13,78.21,78.78,76.97,78.68,141465807,62.51
17-Dec-13,79.39,79.92,79.05,79.28,57475649,61.74
16-Dec-13,79.37,80.38,79.29,79.64,70648452,62.28
13-Dec-13,80.34,80.41,79.1,79.2,83205283,61.44
12-Dec-13,80.38,80.76,80,80.08,65572318,61.71
11-Dec-13,81.01,81.57,79.96,80.19,89929693,61.68
10-Dec-13,80.52,81.13,80.17,80.79,69567610,60.43
9-Dec-13,80.14,81.37,80.13,80.92,80123533,59.55
6-Dec-13,80.83,80.96,79.94,80,86088352,59.07
5-Dec-13,81.81,82.16,80.92,81.13,111895315,57.51
4-Dec-13,80.79,81.31,80.12,80.71,94452666,57.52
3-Dec-13,79.76,80.91,79.67,80.9,112741734,56.87
2-Dec-13,79.71,80.62,78.69,78.75,118135885,56.25
29-Nov-13,78.5,79.76,78.26,79.44,79532215,56.65
27-Nov-13,76.62,78,76.2,77.99,90861841,58.46
26-Nov-13,74.87,76.59,74.86,76.2,100345728,59.78
25-Nov-13,74.43,75.12,74.43,74.82,57348403,60.11
22-Nov-13,74.22,74.59,74.08,74.26,55931232,59.63
21-Nov-13,73.94,74.46,73.38,74.45,65506861,59.29
20-Nov-13,74.18,74.35,73.48,73.57,48545798,60.34
19-Nov-13,74.15,74.77,74,74.22,52234707,60.1
18-Nov-13,75,75.31,74.03,74.09,61236224,61.04
15-Nov-13,75.23,75.58,74.93,75,79479764,60.93
14-Nov-13,74.69,75.61,74.55,75.45,70605087,61.06
13-Nov-13,74,74.61,73.85,74.38,49304927,61.46
12-Nov-13,73.95,74.85,73.86,74.29,51114651,61.47
11-Nov-13,74.28,74.52,73.49,74.15,56863303,61.68
8-Nov-13,73.51,74.45,73.23,74.37,69829543,60.71
7-Nov-13,74.23,74.74,73.2,73.21,65655100,60.9
6-Nov-13,74.88,74.98,74.03,74.42,55844152,59.86
5-Nov-13,74.94,75.56,74.71,75.06,66368071,62.93
4-Nov-13,74.44,75.26,74.12,75.25,61157033,62.64
1-Nov-13,74.86,74.97,73.69,74.29,68722304,63
31-Oct-13,75,75.36,74.47,74.67,68923785,63.97
30-Oct-13,74.23,75.36,73.86,74.98,88540697,64.76
29-Oct-13,76.61,77.04,73.51,73.81,158952115,64.65
28-Oct-13,75.58,75.86,74.74,75.7,137610123,65.24
25-Oct-13,75.9,76.18,75.02,75.14,84448133,66.08
24-Oct-13,75,76.07,74.64,75.99,96191095,67.06
23-Oct-13,74.14,75.1,74.14,74.99,78431122,66.46
22-Oct-13,75.2,75.49,72.58,74.27,133515753,66.43
21-Oct-13,73.11,74.9,73.07,74.48,99526945,65.86
18-Oct-13,72.28,72.75,72.24,72.7,72635570,64.92
17-Oct-13,71.43,72.11,71.38,72.07,63398335,66.77
16-Oct-13,71.54,71.79,71.32,71.59,62775013,69.94
15-Oct-13,71.07,71.71,70.79,71.24,80018603,71.21
14-Oct-13,69.98,71.08,69.91,70.86,65474542,71.13
11-Oct-13,69.57,70.55,69.31,70.4,66934938,71.76
10-Oct-13,70.19,70.34,69.58,69.95,69650490,72.53
9-Oct-13,69.23,69.68,68.33,69.51,75431216,71.58
8-Oct-13,69.99,70.09,68.65,68.71,72729006,71.77
7-Oct-13,69.51,70.38,69.34,69.68,78073107,71.85
4-Oct-13,69.12,69.23,68.37,69,64717380,71.57
3-Oct-13,70.07,70.34,68.68,69.06,80688503,71.85
2-Oct-13,69.38,70.26,69.11,69.94,72295902,69.8
1-Oct-13,68.35,69.88,68.34,69.71,88470655,70.13
30-Sep-13,68.18,68.81,67.77,68.11,65039408,70.24
27-Sep-13,69.11,69.24,68.67,68.96,57009729,69.6
26-Sep-13,69.43,69.79,69.13,69.46,59305183,69.8
25-Sep-13,69.89,69.95,68.78,68.79,79239167,71.24
24-Sep-13,70.7,70.78,69.69,69.87,91085743,70.75
23-Sep-13,70.87,70.99,68.94,70.09,190526525,71.17
20-Sep-13,68.29,68.36,66.57,66.77,174825322,72.31
19-Sep-13,67.24,67.98,67.04,67.47,101134712,70.66
18-Sep-13,66.17,66.62,65.81,66.38,114215304,66.82
17-Sep-13,63.99,65.67,63.93,65.05,99844773,67.53
16-Sep-13,65.86,65.94,63.89,64.3,137137665,66.41
13-Sep-13,67.05,67.4,66.39,66.41,74708438,64.3
12-Sep-13,66.93,67.91,66.57,67.53,101012471,65.05
11-Sep-13,66.72,67.67,66.4,66.82,223526688,66.38
10-Sep-13,72.31,72.49,69.93,70.66,185798872,67.47
9-Sep-13,72.14,72.56,71.93,72.31,85171583,66.77
6-Sep-13,71.21,71.34,69.99,71.17,89881253,70.09
5-Sep-13,71.46,71.53,70.52,70.75,59091879,69.87
4-Sep-13,71.37,71.75,70.9,71.24,86257878,68.79
3-Sep-13,70.44,71.51,69.62,69.8,83025166,69.46
30-Aug-13,70.29,70.42,69.5,69.6,68100788,68.96
29-Aug-13,70.24,70.93,70.16,70.24,59913714,68.11
28-Aug-13,69.43,70.83,69.43,70.13,76901678,69.71
27-Aug-13,71.14,71.79,69.47,69.8,106047109,69.94
26-Aug-13,71.54,72.89,71.5,71.85,82741050,69.06
23-Aug-13,71.9,71.91,71.34,71.57,55682221,69
22-Aug-13,72.14,72.23,71.17,71.85,61051676,69.68
21-Aug-13,71.94,72.45,71.6,71.77,83969305,68.71
20-Aug-13,72.82,72.94,71.55,71.58,89671743,69.51
19-Aug-13,72.05,73.39,72,72.53,127629481,69.95
16-Aug-13,71.45,71.85,71.27,71.76,90575856,70.4
15-Aug-13,70.92,71.77,69.87,71.13,122573507,70.86
14-Aug-13,71.13,72.04,70.49,71.21,189092911,71.24
13-Aug-13,67.28,70.67,66.86,69.94,220484936,71.59
12-Aug-13,65.27,66.95,65.23,66.77,91108290,72.07
9-Aug-13,65.52,65.78,64.81,64.92,66905209,72.7
8-Aug-13,66.26,66.3,65.42,65.86,63999838,74.48
7-Aug-13,66.26,66.71,65.97,66.43,74713968,74.27
6-Aug-13,66.86,67.41,66.02,66.46,83728540,74.99
5-Aug-13,66.38,67.24,66.02,67.06,79713592,75.99
2-Aug-13,65.43,66.12,65.24,66.08,68695326,75.14
1-Aug-13,65.11,65.26,64.75,65.24,51562322,75.7
31-Jul-13,65,65.33,64.2,64.65,80739351,73.81
30-Jul-13,64.28,65.31,64.18,64.76,77355565,74.98
29-Jul-13,62.97,64.28,62.89,63.97,62110300,74.67
26-Jul-13,62.19,63.01,62.05,63,50068753,74.29
25-Jul-13,62.96,63.06,62.26,62.64,57420636,75.25
24-Jul-13,62.7,63.51,62.18,62.93,148013824,75.06
23-Jul-13,60.86,60.99,59.82,59.86,92348403,74.42
22-Jul-13,61.35,61.39,60.78,60.9,51997596,73.21
19-Jul-13,61.87,62,60.62,60.71,67194715,74.37
18-Jul-13,61.91,62.12,61.52,61.68,54760818,74.15
17-Jul-13,61.39,61.75,61.17,61.47,49764064,74.29
16-Jul-13,60.93,61.53,60.6,61.46,54134367,74.38
15-Jul-13,60.72,61.64,60.69,61.06,60543105,75.45
12-Jul-13,61.09,61.4,60.49,60.93,69910463,75
11-Jul-13,60.42,61.18,60.17,61.04,81618964,74.09
10-Jul-13,59.94,60.69,59.75,60.1,70350819,74.22
9-Jul-13,59.09,60.5,58.63,60.34,88172238,73.57
8-Jul-13,60.02,60.14,58.66,59.29,74578420,74.45
5-Jul-13,60.06,60.47,59.34,59.63,68520760,74.26
3-Jul-13,60.12,60.43,59.64,60.11,60232158,74.82
2-Jul-13,58.57,60.23,58.5,59.78,117521579,76.2
1-Jul-13,57.53,58.9,57.32,58.46,97793045,77.99
28-Jun-13,55.91,57.18,55.55,56.65,144659417,79.44
27-Jun-13,57.04,57.34,56.22,56.25,84350049,78.75
26-Jun-13,57.7,57.83,56.52,56.87,91986573,80.9
25-Jun-13,57.96,58.26,56.98,57.52,78584786,80.71
24-Jun-13,58.2,58.38,56.86,57.51,120186430,81.13
21-Jun-13,59.78,60,58.3,59.07,120297338,80
20-Jun-13,59.9,60.85,59.31,59.55,89374558,80.92
19-Jun-13,61.63,61.67,60.43,60.43,77757785,80.79
18-Jun-13,61.65,62.13,61.46,61.68,48790448,80.19
17-Jun-13,61.63,62.24,61.48,61.71,64860453,80.08
14-Jun-13,62.2,62.33,61.21,61.44,65672880,79.2
13-Jun-13,61.79,62.45,61.25,62.28,71528086,79.64
12-Jun-13,62.79,63.04,61.64,61.74,66356668,79.28
11-Jun-13,62.25,63.25,61.9,62.51,71426348,78.68
10-Jun-13,63.53,64.15,62.4,62.7,112589043,77.78
7-Jun-13,62.36,63.32,61.82,63.12,101185686,78.43
6-Jun-13,63.64,63.86,62.01,62.64,104268458,81.44
5-Jun-13,63.66,64.39,63.39,63.59,72647337,81.1
4-Jun-13,64.75,64.92,63.91,64.19,73181521,80.56
3-Jun-13,63.97,64.62,63.21,64.39,93087841,80.01
31-May-13,64.64,65.3,64.21,64.25,96075042,79.22
30-May-13,63.66,64.93,63.5,64.51,88428648,80.15
29-May-13,62.86,63.93,62.77,63.56,82695669,79.02
28-May-13,64.27,64.44,62.98,63.06,96536188,77.28
24-May-13,62.98,63.67,62.91,63.59,69106639,77.7
23-May-13,62.28,63.74,62.26,63.16,88345236,77.15
22-May-13,63.44,64.05,62.6,63.05,110814858,77.64
21-May-13,62.59,63.64,62.03,62.81,114074240,76.65
20-May-13,61.7,63.69,61.44,63.28,112893984,76.13
17-May-13,62.72,62.87,61.57,61.89,107019829,76.53
16-May-13,60.46,62.55,59.84,62.08,150866478,78.06
15-May-13,62.74,63,60.34,61.26,185403085,79.62
14-May-13,64.84,65.03,63.16,63.41,111778940,79.18
13-May-13,64.5,65.41,64.5,64.96,79277310,77.24
10-May-13,65.42,65.67,64.35,64.71,83712482,78.44
9-May-13,65.69,66.14,65.08,65.25,99687476,78.79
8-May-13,65.58,66.48,65.12,66.26,118149038,79.45
7-May-13,66.42,66.54,64.81,65.52,120938076,78.01
6-May-13,65.1,66.03,64.9,65.82,124160162,78.64
3-May-13,64.47,64.75,64.16,64.28,90381788,72.36
2-May-13,63.11,64.08,62.95,63.65,105506184,71.54
1-May-13,63.49,63.56,62.06,62.76,126788697,71.4
30-Apr-13,62.16,63.61,61.72,63.25,172884362,71.51
29-Apr-13,60.06,61.94,60,61.45,160081110,71.65
26-Apr-13,58.54,59.82,58.32,59.6,191068990,72.68
25-Apr-13,58.75,59.13,58.14,58.34,96209155,73.23
24-Apr-13,56.22,59.32,56.07,57.92,242458391,73.22
23-Apr-13,57.71,58.34,56.97,58.02,166058949,74.24
22-Apr-13,56.09,57.46,55.9,56.95,107479442,75.57
19-Apr-13,55.42,57.09,55.01,55.79,152318201,76.57
18-Apr-13,57.86,57.97,55.68,56.01,166574163,76.56
17-Apr-13,60.04,60.09,56.87,57.54,236263461,77.78
16-Apr-13,60.22,60.94,60.08,60.89,76442758,77.71
15-Apr-13,61,61.13,59.94,59.98,79379706,78
12-Apr-13,62.02,62.02,61.3,61.4,59681279,76.77
11-Apr-13,61.96,62.57,61.6,62.05,82154093,75.88
10-Apr-13,61.16,62.44,60.86,62.24,93981748,75.04
9-Apr-13,60.91,61.21,60.39,61,76688115,75.36
8-Apr-13,60.69,61.07,60.36,60.89,75264742,74.58
5-Apr-13,60.64,60.71,59.95,60.46,95923478,73.91
4-Apr-13,61.97,62.14,60.75,61.1,89664638,75.38
3-Apr-13,61.62,62.47,61.47,61.71,90803727,75.18
2-Apr-13,61.09,62.59,60.91,61.4,132443234,75.39
1-Apr-13,63.13,63.38,61.11,61.27,97432489,75.89
28-Mar-13,64.26,64.55,63.09,63.24,110745586,76.05
27-Mar-13,65.21,65.26,64.39,64.58,82852294,75.82
26-Mar-13,66.49,66.55,65.79,65.88,73573423,75.78
25-Mar-13,66.38,67.14,65.97,66.23,125283438,75.85
22-Mar-13,64.94,66.01,64.73,65.99,98776111,76.58
21-Mar-13,64.32,65.43,64.3,64.68,95813410,76.66
20-Mar-13,65.35,65.38,64.23,64.58,77165158,75.81
19-Mar-13,65.64,65.85,64.07,64.93,131693310,74.96
18-Mar-13,63.06,65.35,63.03,65.1,151549090,75.25
15-Mar-13,62.56,63.46,62.46,63.38,160989787,75.91
14-Mar-13,61.83,62.09,61.49,61.79,75968746,75.89
13-Mar-13,61.21,62.07,60.77,61.19,101454192,75.53
12-Mar-13,62.23,62.7,61.08,61.2,116477473,76.12
11-Mar-13,61.39,62.72,60.73,62.55,118558356,77.03
8-Mar-13,61.4,62.2,61.23,61.67,97898983,77.86
7-Mar-13,60.64,61.72,60.15,61.51,117117826,77.11
6-Mar-13,62.07,62.18,60.63,60.81,115062269,76.78
5-Mar-13,60.21,62.17,60.11,61.59,159607042,76.69
4-Mar-13,61.11,61.17,59.86,60.01,145684399,76.68
1-Mar-13,62.57,62.6,61.43,61.5,138111792,77.38
28-Feb-13,63.44,63.98,63.06,63.06,80628737,77.51
27-Feb-13,64.06,64.63,62.95,63.51,146836928,76.97
26-Feb-13,63.4,64.51,62.52,64.14,125374074,75.97
25-Feb-13,64.84,65.02,63.22,63.26,93144464,74.78
22-Feb-13,64.18,64.51,63.8,64.4,82663644,74.78
21-Feb-13,63.71,64.17,63.26,63.72,111795180,75.76
20-Feb-13,65.38,65.38,64.11,64.12,119074886,74.78
19-Feb-13,65.87,66.1,64.84,65.71,108944213,74.23
15-Feb-13,66.98,67.17,65.7,65.74,97981177,74.53
14-Feb-13,66.36,67.38,66.29,66.66,88876501,73.99
13-Feb-13,66.74,67.66,66.17,66.72,118801221,74.14
12-Feb-13,68.5,68.91,66.82,66.84,152262712,74.99
11-Feb-13,68.07,69.28,67.61,68.56,129358516,75.88
8-Feb-13,67.71,68.4,66.89,67.85,158288984,75.96
7-Feb-13,66.18,67.14,64.87,66.89,176145074,74.96
6-Feb-13,65.21,66.64,64.65,65.34,148426012,81.11
5-Feb-13,63.44,65.68,63.17,65.41,143336536,81.71
4-Feb-13,64.84,65.13,63.14,63.19,119278754,84.87
1-Feb-13,65.59,65.64,64.05,64.8,134867089,84.62
31-Jan-13,65.28,65.61,65,65.07,79833215,84.3
30-Jan-13,65.29,66.09,64.93,65.26,104288317,84.5
29-Jan-13,65.5,65.74,64.59,65.47,142768017,84.65
28-Jan-13,62.55,64.74,62.27,64.26,196378931,85.85
25-Jan-13,64.53,65.18,62.14,62.84,301993503,84.92
24-Jan-13,65.71,66.53,64.32,64.36,365212953,84.62
23-Jan-13,72.69,73.57,72.11,73.43,215375853,84
22-Jan-13,72.08,72.55,70.95,72.11,115386173,83.65
18-Jan-13,71.22,71.75,70.91,71.43,118287267,84.69
17-Jan-13,72.9,72.96,71.72,71.81,113412579,84.82
16-Jan-13,70.66,72.78,70.36,72.3,172700045,84.84
15-Jan-13,71.19,71.28,69.05,69.42,219192932,84.12
14-Jan-13,71.81,72.5,71.22,71.68,183544396,85.36
11-Jan-13,74.43,75.05,74.15,74.33,87688741,86.37
10-Jan-13,75.51,75.53,73.65,74.79,150285296,86.39
9-Jan-13,74.64,75,73.71,73.87,101899959,86.62
8-Jan-13,75.6,75.98,74.46,75.04,114676751,86.75
7-Jan-13,74.6,75.6,73.6,74.8,121038176,87.73
4-Jan-13,76.71,76.95,75.12,75.29,148581860,89.38
3-Jan-13,78.27,78.52,77.29,77.44,88240950,89.14
2-Jan-13,79.12,79.29,77.38,78.43,140124866,90.77
31-Dec-12,72.93,76.49,72.71,76.02,164872785,90.43
28-Dec-12,72.9,73.5,72.59,72.8,88569243,89.81
27-Dec-12,73.36,73.75,72.09,73.58,113779680,91.08
26-Dec-12,74.14,74.21,73.02,73.29,75609030,92.12
24-Dec-12,74.34,74.89,74.1,74.31,43936977,92.48
21-Dec-12,73.21,74.24,72.89,74.19,149129554,92.22
20-Dec-12,75.71,75.74,74.13,74.53,120421798,93.7
19-Dec-12,75.92,76.24,75.07,75.19,112340424,94.25
18-Dec-12,75,76.41,74.32,76.27,156417023,93.86
17-Dec-12,72.7,74.29,71.6,74.12,189736022,92.29
14-Dec-12,73.54,74.02,72.23,72.83,252394499,91.28
13-Dec-12,75.88,76.81,75.11,75.67,156314627,92.2
12-Dec-12,78.25,78.29,76.61,77,121783130,92.08
11-Dec-12,77.11,78.51,76.77,77.34,148085903,92.18
10-Dec-12,75,76.93,74.51,75.69,157620575,91.86
7-Dec-12,79.06,79.31,75.71,76.18,196941794,90.91
6-Dec-12,75.56,79.04,74.09,78.18,294301791,90.83
5-Dec-12,81.27,81.32,76.97,76.97,261159353,90.28
4-Dec-12,83.11,83.11,81.73,82.26,139482392,90.36
3-Dec-12,84.81,84.94,83.64,83.74,91069097,90.9
30-Nov-12,83.83,84.06,83.24,83.61,97824986,91.98
29-Nov-12,84.32,84.89,83.61,84.19,128674525,92.93
28-Nov-12,82.47,83.69,81.75,83.28,130264981,93.52
27-Nov-12,84.22,84.35,82.87,83.54,133328454,93.48
26-Nov-12,82.27,84.29,81.96,84.22,157644431,94.03
23-Nov-12,81.02,81.71,80.37,81.64,68206579,95.97
21-Nov-12,80.61,81.05,79.51,80.24,93306759,95.35
20-Nov-12,81.7,81.71,79.23,80.13,160687856,95.39
19-Nov-12,77.24,81.07,77.13,80.82,205792965,95.04
16-Nov-12,75.03,75.71,72.25,75.38,316722763,95.22
15-Nov-12,76.79,77.07,74.66,75.09,197477385,96.45
14-Nov-12,77.93,78.21,76.6,76.7,119291977,95.32
13-Nov-12,76.99,78.64,76.62,77.56,133302610,94.78
12-Nov-12,79.16,79.21,76.95,77.55,128950479,93.09
9-Nov-12,77.2,79.27,76.25,78.15,232476496,94.43
8-Nov-12,80.09,80.32,76.47,76.82,264036339,93.94
7-Nov-12,81.98,82.08,79.39,79.71,198412186,94.72
6-Nov-12,84.32,84.39,82.87,83.26,93729041,97.19
5-Nov-12,83.36,83.97,82.51,83.52,132321224,97.03
2-Nov-12,85.13,85.28,82.11,82.4,149843064,97.67
1-Nov-12,85.46,86.14,84.88,85.22,90361922,99.02
31-Oct-12,84.98,85.99,83.96,85.05,127500471,98.38
26-Oct-12,87.06,87.71,84.43,86.29,254605834,98.15
25-Oct-12,88.57,88.86,86.51,87.08,164081393,95.6
24-Oct-12,88.78,89.51,87.23,88.12,139631772,96.13
23-Oct-12,90.14,90.56,87.39,87.62,176786197,95.59
22-Oct-12,87.49,90.77,87.25,90.58,136682392,95.12
19-Oct-12,90.15,90.25,87.09,87.12,186021017,94.96
18-Oct-12,91.37,91.72,90,90.38,119155512,94.48
17-Oct-12,92.7,93.26,92,92.09,97327643,94.74
16-Oct-12,90.77,92.9,90.14,92.83,137442816,95.99
15-Oct-12,90.34,90.73,89.12,90.68,108124961,95.97
12-Oct-12,89.94,90.77,89.33,89.96,115003665,97.24
11-Oct-12,92.4,92.5,89.7,89.7,136520097,97.5
10-Oct-12,91.39,92.14,91,91.56,127588930,97.98
9-Oct-12,91.24,91.5,89.08,90.84,209648887,99.16
8-Oct-12,92.41,92.51,90.87,91.17,159494867,100.53
5-Oct-12,95.03,95.14,93.04,93.23,148501108,100.57
4-Oct-12,95.89,96.32,95.08,95.26,92688813,100.58
3-Oct-12,94.98,95.98,94.66,95.92,106069719,101.32
2-Oct-12,94.54,95.19,92.95,94.47,156997638,101.54
1-Oct-12,95.88,96.68,93.79,94.2,135895921,100.89
28-Sep-12,96.96,97.3,95.25,95.3,133777077,102.13
27-Sep-12,94.9,97.45,94.34,97.33,148522031,102.25
26-Sep-12,95.53,96.1,94.46,95.03,144175906,102.5
25-Sep-12,98.32,98.97,96.14,96.22,129690449,103.3
24-Sep-12,98.12,99.3,97.57,98.68,159936196,98.94
21-Sep-12,100.34,100.72,99.91,100.01,142897076,98.12
20-Sep-12,99.88,100.01,99.09,99.81,84141932,98.97
19-Sep-12,100.04,100.57,99.94,100.3,81715004,98.36
18-Sep-12,99.98,100.33,99.49,100.27,93375667,97.99
17-Sep-12,99.91,99.97,99.23,99.97,99507499,101
14-Sep-12,98.56,99.57,98.27,98.75,150118311,101.43
13-Sep-12,96.77,97.93,96.4,97.57,149589629,101.66
12-Sep-12,95.26,95.7,93.71,95.68,178054492,101.63
11-Sep-12,95.02,95.73,93.79,94.37,125984852,100.86
10-Sep-12,97.21,97.61,94.59,94.68,121998898,101.58
7-Sep-12,96.86,97.5,96.54,97.21,82416145,101.79
6-Sep-12,96.17,96.9,95.83,96.61,97845664,100.96
5-Sep-12,96.51,96.62,95.66,95.75,84090475,101.06
4-Sep-12,95.11,96.45,94.93,96.42,91972629,102.64
31-Aug-12,95.32,95.51,93.89,95.03,84579607,101.75
30-Aug-12,95.81,95.94,94.69,94.84,75672793,97.87
29-Aug-12,96.46,96.81,96.09,96.21,50701084,100.75
28-Aug-12,96.43,96.59,95.81,96.4,66844323,100.11
27-Aug-12,97.14,97.27,96.22,96.53,106728601,100.75
24-Aug-12,94.22,95.64,93.65,94.75,109334113,99.18
23-Aug-12,95.16,95.7,94.45,94.66,105029568,99.9
22-Aug-12,93.49,95.57,92.59,95.55,141330637,99.62
21-Aug-12,95.83,96.41,92.9,93.72,203176260,99.62
20-Aug-12,92.86,95.02,92.84,95.02,153345689,98.75
17-Aug-12,91.43,92.6,91.26,92.59,110689894,100.8
16-Aug-12,90.17,90.97,90.07,90.91,63694204,101.02
15-Aug-12,90.19,90.57,89.68,90.12,64377278,100.73
14-Aug-12,90.27,91.23,90.03,90.24,85041824,99.81
13-Aug-12,89.06,90,89.04,90,69707463,98.75
10-Aug-12,88.39,88.82,88.39,88.81,48765045,97.54
9-Aug-12,88.26,88.82,88.26,88.68,55452586,96.26
8-Aug-12,88.48,89.13,88.16,88.55,61176080,97.67
7-Aug-12,88.97,89.29,88.29,88.7,72627492,99.76
6-Aug-12,88.18,89.27,87.89,88.94,75580008,102.47
3-Aug-12,87.66,88.28,87.37,87.96,86228604,102.99
2-Aug-12,86.12,87.24,85.75,86.83,83062203,104.83
1-Aug-12,87.99,88.06,86.14,86.69,96124742,105.22
31-Jul-12,86.18,87.39,86.1,87.25,115581676,105.11
30-Jul-12,84.42,85.63,83.97,85,94784970,106.74
27-Jul-12,82.14,83.69,81.66,83.59,101013241,107.34
26-Jul-12,82.82,82.91,81.48,82.13,101702580,106.98
25-Jul-12,82.07,82.97,81.43,82.14,219314368,108
24-Jul-12,86.77,87.1,85.5,85.85,141283044,109.4
23-Jul-12,84.91,86.56,83.96,86.26,121993795,108.6
20-Jul-12,87.58,87.78,86.24,86.33,99367450,108.86
19-Jul-12,87.33,87.91,86.57,87.76,109214567,108.7
18-Jul-12,86.66,86.91,86.22,86.61,63174888,109.01
17-Jul-12,87.26,87.36,86.16,86.71,73453037,108.83
16-Jul-12,86.45,87.37,86.43,86.7,75326342,109.7
13-Jul-12,86.14,86.74,85.71,86.42,77904449,111.25
12-Jul-12,85.75,86.21,84.67,85.56,106997163,112.82
11-Jul-12,86.59,86.81,85.32,86.35,117329366,114.18
10-Jul-12,88.28,88.55,86.47,86.89,127989407,113.99
9-Jul-12,86.47,87.7,86.3,87.7,94850224,115.47
6-Jul-12,86.73,86.92,85.94,86.55,104757156,114.67
5-Jul-12,85.79,87.76,85.66,87.13,121095121,116.31
3-Jul-12,84.98,85.71,84.86,85.63,60428165,116.47
2-Jul-12,83.53,84.78,83.37,84.65,100022776,118.62
29-Jun-12,82.57,83.43,82.04,83.43,105360031,117.6
28-Jun-12,81.67,82,80.8,81.29,70760543,119
27-Jun-12,82.14,82.39,81.7,82.07,50764770,118.93
26-Jun-12,81.62,82.07,81.05,81.72,69187503,115.07
25-Jun-12,82.47,82.83,81.48,81.54,76088656,114.63
22-Jun-12,82.72,83.17,82.2,83.16,71186311,115.93
21-Jun-12,83.63,84.03,82.49,82.52,81626258,115.49
20-Jun-12,84.03,84.18,82.97,83.68,89789644,115
19-Jun-12,83.34,84.29,83.3,83.92,90350932,112.4
18-Jun-12,81.57,83.98,81.48,83.68,110102790,114.12
15-Jun-12,81.57,82.09,81.36,82.02,83813380,111.95
14-Jun-12,81.61,81.93,81.04,81.65,86460283,111.62
13-Jun-12,82.07,82.64,81.48,81.74,73443230,109.73
12-Jun-12,82.07,82.37,80.96,82.31,108894961,108.22
11-Jun-12,83.96,84.07,81.52,81.6,147815696,106.74
8-Jun-12,81.66,82.94,81.29,82.9,86872870,109.41
7-Jun-12,82.47,82.47,81.5,81.67,94993164,112.65
6-Jun-12,81.11,81.98,80.79,81.64,100362262,111.78
5-Jun-12,80.18,80.92,79.76,80.4,97053376,112.94
4-Jun-12,80.21,81.07,78.36,80.61,139247129,112.54
1-Jun-12,81.31,81.81,80.07,80.14,130245094,112.01
31-May-12,82.96,83.07,81.64,82.53,122977603,113.99
30-May-12,81.31,82.86,80.94,82.74,132355209,113.91
29-May-12,81.56,82,80.76,81.75,95126346,112.52
25-May-12,80.66,80.84,79.78,80.33,82116552,110.38
24-May-12,82.27,82.36,80.18,80.76,124049506,109.33
23-May-12,79.64,81.83,79.03,81.51,146224365,106.25
22-May-12,81.36,81.98,78.94,79.57,173696754,106.26
21-May-12,76.36,80.22,76.29,80.18,157772790,107.75
18-May-12,76.28,77.63,74.6,75.77,183072463,111.89
17-May-12,77.9,78.21,75.73,75.73,179304713,112.01
16-May-12,79.15,79.56,77.29,78.01,140223874,109.25
15-May-12,80.21,80.46,78.82,79.02,119076678,110.22
14-May-12,80.37,81.07,79.66,79.75,88156103,109.8
11-May-12,80.71,82.07,80.62,80.96,99886332,106.82
10-May-12,82.08,82.27,81.21,81.5,83317752,105.99
9-May-12,80.53,82,80.12,81.31,120175923,108.72
8-May-12,81.37,81.64,79.82,81.17,124312720,109.55
7-May-12,80.21,81.82,80.18,81.35,115073217,112.4
4-May-12,82.44,82.62,80.74,80.75,132497421,112.98
3-May-12,84.36,84.49,82.9,83.12,97637057,113.1
2-May-12,82.89,83.91,82.69,83.71,106906016,109.14
1-May-12,83.56,85.25,83.03,83.16,152749513,115.31
30-Apr-12,85.4,85.49,83.29,83.43,126535038,118.9
27-Apr-12,86.44,86.6,85.79,86.14,101692500,117.16
26-Apr-12,87.75,87.81,86.02,86.81,134016274,118.63
25-Apr-12,87.95,88.29,86.57,87.14,226427670,118.65
24-Apr-12,80.37,81.1,79.29,80.04,269099838,119.56
23-Apr-12,81.52,82.38,79.52,81.67,241629479,119.94
20-Apr-12,84.48,84.95,81.49,81.85,257743808,118.93
19-Apr-12,85.75,86.39,83.5,83.92,208678365,119.72
18-Apr-12,87.67,88.61,86.1,86.91,238632471,122.02
17-Apr-12,82.71,87.14,81.7,87.1,256371472,124.88
16-Apr-12,87.15,87.18,82.61,82.88,262696056,126.46
13-Apr-12,89.16,89.24,86.22,86.46,214911067,127.08
12-Apr-12,89.29,90.19,88.64,88.97,153582163,127.83
11-Apr-12,90.89,90.98,89.05,89.46,174152769,128.72
10-Apr-12,91.42,92,89.43,89.78,222422452,128.45
9-Apr-12,89.45,91.41,89.33,90.89,149384046,129.5
5-Apr-12,89.57,90.67,89.06,90.53,160318858,133
4-Apr-12,89.19,89.41,88.14,89.19,143245095,132.17
3-Apr-12,89.61,90.32,88.93,89.9,208638360,128.79
2-Apr-12,85.98,88.4,85.77,88.38,149586458,130.42
30-Mar-12,86.97,87.22,85.42,85.65,182759395,128.46
29-Mar-12,87.54,88.08,86.75,87.12,152059432,129.09
28-Mar-12,88.34,88.78,87.19,88.23,163864869,129.36
27-Mar-12,86.6,88.04,86.58,87.78,151782141,128.54
26-Mar-12,85.68,86.74,85.04,86.71,148934219,126.41
23-Mar-12,85.78,85.97,84.91,85.15,107621815,126.6
22-Mar-12,85.4,86.36,85.08,85.62,156032898,127.14
21-Mar-12,86.11,87.09,85.92,86.07,161010374,124.51
20-Mar-12,85.64,86.7,83.14,86.57,204167033,122.24
19-Mar-12,85.48,85.97,84.15,85.87,225308790,124.45
16-Mar-12,83.53,84.17,82.57,83.65,206371879,123.59
15-Mar-12,85.66,85.72,82.65,83.65,289917768,124.95
14-Mar-12,82.58,84.96,82.2,84.23,354709747,127.04
13-Mar-12,79.65,81.17,79.39,81.16,172712659,128.47
12-Mar-12,78.43,78.86,78.14,78.86,101820019,127.5
9-Mar-12,77.74,78.25,77.59,77.88,104724732,125.9
8-Mar-12,76.38,77.57,76.02,77.43,129110723,127.21
7-Mar-12,76.69,76.83,74.76,75.81,199629549,126.69
6-Mar-12,74.81,76.24,73.75,75.75,202559651,123.38
5-Mar-12,77.92,78.21,75.14,76.17,202280183,124.24
2-Mar-12,77.75,78.11,77.5,77.88,107927589,123.25
1-Mar-12,78.31,78.32,76.97,77.78,170813188,126.37
29-Feb-12,77.37,78.23,76.53,77.49,238000378,124.43
28-Feb-12,75.42,76.49,75.12,76.49,150096478,124.25
27-Feb-12,74.47,75.5,73.75,75.11,136895304,125.32
24-Feb-12,74.24,74.7,74.09,74.63,103819905,127.35
23-Feb-12,73.58,73.98,72.79,73.77,142006312,126.01
22-Feb-12,73.3,73.64,72.72,73.29,120823808,125.6
21-Feb-12,72.41,73.55,72.02,73.55,151396399,126.56
17-Feb-12,71.87,72.54,71.47,71.73,133947191,127.1
16-Feb-12,70.21,72.13,69.52,71.74,236137405,126.85
15-Feb-12,73.47,75.18,70.98,71.1,376528040,126.3
14-Feb-12,72.09,72.79,71.71,72.78,115483011,126.78
13-Feb-12,71.36,71.98,71.01,71.8,129301606,126.17
10-Feb-12,70.14,71.09,69.79,70.49,157824975,124.75
9-Feb-12,68.68,70.96,68.65,70.45,221053602,127.6
8-Feb-12,67.21,68.11,67.1,68.1,101969280,126.91
7-Feb-12,66.46,67.11,66.37,66.98,79055263,128.62
6-Feb-12,65.48,66.43,65.46,66.28,62420596,129.67
3-Feb-12,65.33,65.71,65.08,65.67,71717009,130.28
2-Feb-12,65.13,65.31,64.85,65.02,46698547,132.65
1-Feb-12,65.49,65.57,65.08,65.17,67510562,130.56
31-Jan-12,65.08,65.46,64.72,65.21,97977985,128.64
30-Jan-12,63.67,64.84,63.63,64.72,94832073,125.15
27-Jan-12,63.48,64.07,63.4,63.9,74971631,128.95
26-Jan-12,64.05,64.11,63.31,63.52,81057711,128.7
25-Jan-12,64.92,64.92,63.39,63.81,239565837,125.8
24-Jan-12,60.73,60.73,59.94,60.06,136909311,125.01
23-Jan-12,60.38,61.21,60.33,61.06,76515446,125.26
20-Jan-12,61.07,61.07,59.96,60.04,103492249,127.62
19-Jan-12,61.45,61.62,60.93,61.11,65434453,126.32
18-Jan-12,60.99,61.35,60.9,61.3,69197758,125.86
17-Jan-12,60.6,60.86,60.42,60.67,60724055,126.01
13-Jan-12,59.96,60.06,59.81,59.97,56539749,128.95
12-Jan-12,60.33,60.41,59.82,60.2,53180911,128.77
11-Jan-12,60.38,60.41,59.9,60.36,53798059,130.19
10-Jan-12,60.84,60.86,60.21,60.46,64581762,130.07
9-Jan-12,60.79,61.11,60.19,60.25,98505792,130.06
6-Jan-12,59.97,60.39,59.89,60.34,79596412,131.39
5-Jan-12,59.28,59.79,58.95,59.72,67816805,132.54
4-Jan-12,58.57,59.24,58.47,59.06,65061108,129.62
3-Jan-12,58.49,58.93,58.43,58.75,75564699,132.04
30-Dec-11,57.64,58.04,57.64,57.86,44943710,131.78
29-Dec-11,57.63,57.95,57.22,57.87,54039041,130.28
28-Dec-11,58.13,58.32,57.33,57.52,57214227,130.54
27-Dec-11,57.59,58.44,57.57,58.08,66308613,129.96
23-Dec-11,57.1,57.66,57.07,57.62,67401964,130.12
22-Dec-11,56.71,57.02,56.59,56.94,50589112,129.36
21-Dec-11,56.67,56.76,56,56.64,65736678,128.65
20-Dec-11,55.39,56.59,55.32,56.56,84350728,127.8
19-Dec-11,54.64,54.98,54.35,54.6,58881914,127.42
16-Dec-11,54.34,54.88,54.22,54.43,105394401,128.88
15-Dec-11,54.76,54.82,54.04,54.13,64112125,128.59
14-Dec-11,55.24,55.34,53.95,54.31,101788680,127.17
13-Dec-11,56.14,56.49,55.3,55.54,84784203,126.92
12-Dec-11,55.95,56.27,55.64,55.98,75266366,127.6
9-Dec-11,56.12,56.29,55.86,56.23,74285785,127.3
8-Dec-11,55.92,56.5,55.75,55.81,94089051,127.88
7-Dec-11,55.7,55.85,55.25,55.58,76249929,126.6
6-Dec-11,56.07,56.38,55.63,55.85,70951013,127.61
5-Dec-11,56.21,56.63,55.77,56.14,89342127,127.03
2-Dec-11,55.69,56.23,55.51,55.67,94818290,128.11
1-Dec-11,54.65,55.57,54.39,55.42,96794838,127.5
30-Nov-11,54.47,54.61,54.04,54.6,101516702,126.75
29-Nov-11,53.69,54.12,52.89,53.31,94007858,124.53
28-Nov-11,53.19,53.82,52.9,53.73,86660854,125.42
25-Nov-11,52.63,53.02,51.9,51.94,63689801,126.6
23-Nov-11,53.5,53.69,52.41,52.43,107160445,126.44
22-Nov-11,53,53.99,52.99,53.79,102324341,126
21-Nov-11,52.91,53.1,52.27,52.72,112050589,125.69
18-Nov-11,54.13,54.28,53.55,53.56,93018765,122.57
17-Nov-11,54.85,54.94,53.64,53.92,120030148,120.07
16-Nov-11,55.61,55.88,54.9,54.97,87302012,123.28
15-Nov-11,54.4,55.64,54.21,55.55,107744812,125.66
14-Nov-11,54.79,55.04,54.03,54.18,108265507,125.61
11-Nov-11,55.23,55.53,54.32,54.95,163446017,126.82
10-Nov-11,56.72,56.74,54.59,55.03,186245269,128.51
9-Nov-11,56.71,57.27,56.32,56.47,139670930,129.62
8-Nov-11,57.46,58.29,57.37,58.03,100109842,132.07
7-Nov-11,57.13,57.14,56.59,57.1,67565799,130.75
4-Nov-11,57.43,57.63,57.02,57.18,75556992,125.22
3-Nov-11,57.01,57.63,56.48,57.58,110381075,125.16
2-Nov-11,57.16,57.21,56.44,56.77,82063667,124.5
1-Nov-11,56.77,57.07,56.17,56.64,132946877,122.77
31-Oct-11,57.49,58.48,57.29,57.83,96406303,123.38
28-Oct-11,57.57,58.05,57.5,57.85,80709748,122.99
27-Oct-11,58.22,58.43,57.41,57.81,123713317,122.37
26-Oct-11,57.39,57.51,56.16,57.23,114074982,121.3
25-Oct-11,57.86,58.08,56.77,56.82,107650200,118.44
24-Oct-11,56.6,58.07,56.49,57.97,125589044,114.64
21-Oct-11,56.87,57.02,55.82,56.12,155310512,115.4
20-Oct-11,57.14,57.19,56.32,56.47,137382294,115.13
19-Oct-11,57.34,58.35,56.83,56.95,275998093,115.52
18-Oct-11,60.25,60.69,59.43,60.32,220400096,119.72
17-Oct-11,60.25,60.96,59.42,60,171510696,113.49
14-Oct-11,59.55,60.29,59.32,60.29,143341730,115.24
13-Oct-11,57.85,58.35,57.55,58.35,106545775,115.15
12-Oct-11,58.19,58.46,57.16,57.46,155570982,115.96
11-Oct-11,56.08,57.6,55.93,57.18,151420465,117.16
10-Oct-11,54.16,55.54,54.03,55.54,110628287,116.5
7-Oct-11,53.68,53.96,52.64,52.83,133904162,115.01
6-Oct-11,53.33,54.97,53.11,53.91,203145054,112.65
5-Oct-11,52.55,54.26,51.47,54.04,196617358,105.76
4-Oct-11,53.51,54.54,50.61,53.21,308418887,103.12
3-Oct-11,54.34,54.66,53.31,53.51,167269011,103.74
30-Sep-11,55.3,55.56,54.45,54.47,137059223,109.69
29-Sep-11,57.42,57.46,55.17,55.8,162841147,112.92
28-Sep-11,57.17,57.68,56.64,56.72,107463181,113.29
27-Sep-11,58.39,58.46,56.87,57.04,158124372,112.76
26-Sep-11,57.12,57.71,55.9,57.6,203218862,107.72
23-Sep-11,57.18,58.11,57.12,57.76,136620610,112.34
22-Sep-11,57.29,58.55,56.67,57.4,242120137,110.37
21-Sep-11,59.95,60.23,58.86,58.88,151493755,109.27
20-Sep-11,59.32,60.41,58.74,59.06,193937289,112.31
19-Sep-11,56.71,59.03,56.46,58.8,205964780,110.15
16-Sep-11,56.51,57.22,56.43,57.21,174622161,112.57
15-Sep-11,55.92,56.24,55.7,56.14,104454581,114.21
14-Sep-11,55.29,56.03,55.11,55.61,133680848,115.31
13-Sep-11,54.59,55.17,54.32,54.95,110184487,116.28
12-Sep-11,53.29,54.41,53.13,54.28,116957988,116.41
9-Sep-11,54.85,55.14,53.57,53.93,141269408,113.92
8-Sep-11,54.63,55.52,54.62,54.88,104039460,113.45
7-Sep-11,55.08,55.09,54.57,54.85,87643794,115.21
6-Sep-11,52.48,54.33,52.35,54.25,127424129,113.4
2-Sep-11,53.53,54,53.12,53.44,109791514,114.32
1-Sep-11,55.12,55.33,54.39,54.43,85930705,115
31-Aug-11,55.8,56.01,54.55,54.98,130688894,114.71
30-Aug-11,55.46,55.98,55.17,55.71,104480264,112.44
29-Aug-11,55.45,55.93,55.43,55.71,101313149,109.06
26-Aug-11,53.02,54.83,52.97,54.8,160368761,110.3
25-Aug-11,52.15,53.64,52.14,53.39,217825076,109.58
24-Aug-11,53.35,54.14,52.94,53.74,156566907,110.38
23-Aug-11,51.47,53.38,51,53.37,164208576,110.78
22-Aug-11,52.07,52.13,50.73,50.92,133826210,111.31
19-Aug-11,51.74,52.43,50.86,50.86,193970546,110.78
18-Aug-11,52.98,53.24,51.62,52.29,212858289,109.5
17-Aug-11,54.62,54.93,54,54.35,110514943,112.12
16-Aug-11,54.5,54.77,53.72,54.35,124722122,111.6
15-Aug-11,54.23,55,54.01,54.77,115135468,111.79
12-Aug-11,54,54.23,53.46,53.86,132243405,110.21
11-Aug-11,52.93,53.64,52.1,53.39,185491110,111.86
10-Aug-11,53.02,53.52,51.79,51.96,219662296,111.04
9-Aug-11,51.61,53.52,50.71,53.43,270645704,111.73
8-Aug-11,51.67,52.54,50.43,50.46,285951204,113.77
5-Aug-11,54.35,54.79,51.8,53.37,301140350,113.76
4-Aug-11,55.63,55.9,53.91,53.91,217851424,115.5
3-Aug-11,55.46,56.22,54.61,56.08,183125796,119.08
2-Aug-11,56.81,56.13,54.61,55.46,250968788,115.28
1-Aug-11,56.83,57.07,56.05,56.68,153207957,114.55
29-Jul-11,55.38,56.45,54.86,55.78,158145890,119.27
28-Jul-11,55.95,56.71,55.45,55.97,148506092,120.53
27-Jul-11,57.23,57.52,56.02,56.08,164830470,119.5
26-Jul-11,57.14,57.79,57.1,57.63,119145026,121.18
25-Jul-11,55.76,57.14,55.66,56.93,147451094,122.57
22-Jul-11,55.47,56.44,55.39,56.19,129181885,122
21-Jul-11,55.28,55.72,54.84,55.33,131629036,120.92
20-Jul-11,56.59,56.61,55.14,55.27,235331712,121.06
19-Jul-11,54,54.09,53.33,53.84,204786344,120.57
18-Jul-11,52.2,53.52,52.18,53.4,143157623,116.77
15-Jul-11,51.6,52.14,51.31,52.13,121116338,116.11
14-Jul-11,51.57,51.66,50.91,51.11,107633155,115.72
13-Jul-11,51.19,51.43,50.91,51.15,97909518,112.34
12-Jul-11,50.5,51.1,49.8,50.54,112901691,114.18
11-Jul-11,50.91,51.4,50.4,50.57,110713974,113.69
8-Jul-11,50.48,51.43,50.31,51.39,122481639,117.29
7-Jul-11,50.67,51.14,50.57,51.03,99915319,118.78
6-Jul-11,49.85,50.59,49.53,50.25,111156241,119.3
5-Jul-11,49,49.98,48.93,49.92,88818618,117.75
1-Jul-11,47.99,49.07,47.74,49.04,108828209,118.88
30-Jun-11,47.81,48.02,47.55,47.95,80807391,118.03
29-Jun-11,48.01,48.05,47.41,47.72,88179070,117.81
28-Jun-11,47.66,48.1,47.63,47.89,73574907,118.3
27-Jun-11,46.8,47.7,46.75,47.43,84989933,117.34
24-Jun-11,47.34,47.59,46.44,46.62,109981312,116.28
23-Jun-11,45.56,47.38,45.45,47.32,139939254,115.2
22-Jun-11,46.45,46.99,46.05,46.09,97645436,119.03
21-Jun-11,45.24,46.54,45.03,46.47,123343514,118.28
20-Jun-11,45.34,45.39,44.36,45.05,160161274,118.23
17-Jun-11,47,47.04,45.62,45.75,153872649,115.62
16-Jun-11,46.7,46.95,45.48,46.45,127647338,116.17
15-Jun-11,47.11,47.19,46.41,46.68,99851885,113.18
14-Jun-11,47.14,47.61,47.04,47.49,83641901,112.48
13-Jun-11,46.74,46.9,46.44,46.66,82414108,110.49
10-Jun-11,47.22,47.38,46.5,46.56,108529400,111.34
9-Jun-11,47.61,47.67,47.25,47.36,68841199,108.98
8-Jun-11,47.4,47.83,47.24,47.46,83471577,106.03
7-Jun-11,48.31,48.32,47.41,47.43,132493060,107.33
6-Jun-11,49.42,49.58,48.26,48.29,115484677,107.23
3-Jun-11,49.03,49.33,48.86,49.06,78360765,108.61
2-Jun-11,49.5,49.71,49.19,49.44,84721112,108.03
1-Jun-11,49.84,50.3,49.24,49.36,138670602,106.82
31-May-11,48.73,49.69,48.71,49.69,104434134,108.74
27-May-11,47.83,48.23,47.76,48.2,50912897,107.32
26-May-11,48,48.13,47.78,47.86,55673751,105.26
25-May-11,47.63,48.37,47.55,48.11,73555433,105.35
24-May-11,47.93,47.99,47.33,47.46,80520650,102.71
23-May-11,47.14,48,47.06,47.77,95627217,100.7
20-May-11,48.51,48.71,47.86,47.89,84547708,96.45
19-May-11,48.87,48.92,48.38,48.65,65291310,96.96
18-May-11,48.07,48.72,48,48.55,83693267,98.53
17-May-11,47.43,48.02,47.25,48.02,113196657,99.96
16-May-11,48.46,48.75,47.51,47.61,112535374,97.39
13-May-11,49.38,49.46,48.62,48.64,81547956,99.52
12-May-11,49.45,49.59,48.9,49.51,80239593,97.13
11-May-11,49.86,50,49.32,49.6,84018683,96.66
10-May-11,49.84,49.96,49.52,49.92,70521969,96.79
9-May-11,49.69,49.89,49.5,49.66,51188151,96.3
6-May-11,49.96,50,49.46,49.52,70061285,101.42
5-May-11,49.77,50.14,49.44,49.54,84065352,99.44
4-May-11,49.75,50.26,49.55,49.94,97312229,99.99
3-May-11,49.71,49.98,49.37,49.74,78390249,93.42
2-May-11,49.96,50.07,49.36,49.47,110678246,94.09
29-Apr-11,49.54,50.56,49.52,50.02,251585929,97.34
28-Apr-11,49.46,49.96,49.36,49.54,90297123,96.43
27-Apr-11,50.32,50.34,49.59,50.02,89052887,94.48
26-Apr-11,50.52,50.71,49.91,50.06,84400645,96.35
25-Apr-11,50.05,50.54,50.04,50.43,66636290,96.6
21-Apr-11,50.71,50.73,49.79,50.1,188449618,94.02
20-Apr-11,49.07,49.39,48.79,48.92,175163842,95.01
19-Apr-11,47.59,48.28,47.39,48.27,104844243,94.99
18-Apr-11,46.59,47.46,45.74,47.41,152474427,94.27
15-Apr-11,47.61,47.66,46.69,46.78,113458247,93.7
14-Apr-11,47.83,48,47.44,47.49,75497401,93.99
13-Apr-11,47.86,48.02,47.5,48.02,86608963,96.64
12-Apr-11,47.21,47.68,47.17,47.49,106627080,98.12
11-Apr-11,47.72,47.95,47.15,47.26,99787618,96.26
8-Apr-11,48.56,48.59,47.71,47.87,94383317,96.04
7-Apr-11,48.3,48.63,48,48.3,93361520,96.88
6-Apr-11,48.75,49.13,48.16,48.29,100634681,94.69
5-Apr-11,48.14,48.89,48,48.41,120740809,96.1
4-Apr-11,49.19,49.23,48.34,48.74,115020542,96.76
1-Apr-11,50.16,50.23,49.04,49.22,104665400,96.91
31-Mar-11,49.48,49.97,49.44,49.79,68592006,96.69
30-Mar-11,50.09,50.13,49.63,49.8,82351269,100.53
29-Mar-11,49.67,50.14,49.44,50.14,88224955,100.75
28-Mar-11,50.45,50.62,50.06,50.06,77337407,101.5
25-Mar-11,49.72,50.29,49.57,50.22,112292796,103.01
24-Mar-11,48.84,49.43,48.41,49.28,101177720,101.87
23-Mar-11,48.47,48.6,47.99,48.46,93248498,101.03
22-Mar-11,48.94,48.95,48.45,48.74,81558162,101.12
21-Mar-11,48,48.53,47.89,48.47,102347560,101.17
18-Mar-11,48.16,48.31,47.14,47.24,188302604,102.26
17-Mar-11,48.12,48.52,47.24,47.81,164854977,102.52
16-Mar-11,48.86,49,46.61,47.14,289187626,104.58
15-Mar-11,48.87,49.69,48.59,49.35,180262334,105.97
14-Mar-11,50.45,50.93,50.19,50.51,109113690,105.8
11-Mar-11,49.33,50.33,49.29,50.28,117770016,105.92
10-Mar-11,49.87,49.97,49.27,49.52,126972055,105.91
9-Mar-11,50.67,50.68,50.09,50.35,113349033,106.72
8-Mar-11,50.7,51.06,50.32,50.82,89078955,106.13
7-Mar-11,51.63,51.67,50.19,50.77,136530149,105.67
4-Mar-11,51.44,51.47,51.11,51.43,113316483,105.19
3-Mar-11,51.03,51.4,50.85,51.37,125196764,107.68
2-Mar-11,49.99,50.62,49.77,50.3,150647189,109.56
1-Mar-11,50.78,50.82,49.67,49.9,114032163,108.99
28-Feb-11,50.18,50.72,50.16,50.46,100768479,109.99
25-Feb-11,49.32,49.78,49.26,49.74,95004483,111.12
24-Feb-11,49.15,49.31,48.34,48.98,124974514,109.81
23-Feb-11,48.4,49.23,48.37,48.95,167962942,110.96
22-Feb-11,48.88,49.34,48.25,48.37,218135561,108.54
18-Feb-11,51.24,51.36,49.93,50.08,204011724,108.66
17-Feb-11,51.04,51.47,50.93,51.19,132643504,109.02
16-Feb-11,51.54,52.13,51.5,51.88,120288833,110.44
15-Feb-11,51.31,51.42,51.08,51.41,71043441,112.04
14-Feb-11,50.97,51.35,50.96,51.31,77603491,112.1
11-Feb-11,50.68,51.11,50.51,50.98,91892948,109.85
10-Feb-11,51.06,51.43,49.71,50.65,232137360,107.48
9-Feb-11,50.74,51.29,50.7,51.17,120686090,106.91
8-Feb-11,50.53,50.79,50.31,50.74,95259906,107.13
7-Feb-11,49.7,50.46,49.66,50.27,121254910,105.97
4-Feb-11,49.09,49.53,49.07,49.5,80459575,105.68
3-Feb-11,49.11,49.18,48.36,49.06,98449148,105.08
2-Feb-11,49.21,49.32,49.08,49.19,64738807,104.35
1-Feb-11,48.76,49.38,48.71,49.29,106657943,97.82
31-Jan-11,47.97,48.58,47.76,48.47,94311602,94.83
28-Jan-11,49.17,49.2,47.65,48.01,148014146,93.74
27-Jan-11,49.11,49.24,48.98,49.03,71255961,93.64
26-Jan-11,48.99,49.37,48.79,49.12,126716779,95.18
25-Jan-11,48.05,48.78,47.8,48.77,136716650,94.19
24-Jan-11,46.7,48.21,46.67,48.21,143670548,93.24
21-Jan-11,47.68,47.84,46.66,46.67,188599712,92.72
20-Jan-11,48.06,48.33,47.16,47.53,191197293,92.79
19-Jan-11,49.76,49.8,48.13,48.41,283902199,93.42
18-Jan-11,47.07,49.25,46.57,48.66,470246700,92.51
14-Jan-11,49.41,49.78,49.21,49.78,77209748,90.34
13-Jan-11,49.31,49.52,49.12,49.38,74536182,90.52
12-Jan-11,49.04,49.2,48.86,49.2,75644310,93.88
11-Jan-11,49.27,49.28,48.5,48.81,111019993,93.49
10-Jan-11,48.4,49.03,48.17,48.92,112139482,94.56
7-Jan-11,47.71,48.05,47.41,48.02,77982212,94.2
6-Jan-11,47.82,47.89,47.56,47.68,75106626,95.22
5-Jan-11,47.08,47.76,47.07,47.71,63879193,96.43
4-Jan-11,47.49,47.5,46.88,47.33,77337001,97.9
3-Jan-11,46.52,47.18,46.41,47.08,111280407,99.62
31-Dec-10,46.14,46.21,45.9,46.08,48413827,100.41
30-Dec-10,46.5,46.5,46.15,46.24,39414991,100.35
29-Dec-10,46.6,46.64,46.44,46.47,40817672,99.86
28-Dec-10,46.56,46.67,46.44,46.5,43980797,98.46
27-Dec-10,46.12,46.49,45.93,46.38,62453699,97.72
23-Dec-10,46.43,46.45,46.17,46.23,55875176,97.92
22-Dec-10,46.34,46.53,46.22,46.45,66536029,98.63
21-Dec-10,46.14,46.34,46.01,46.32,64087884,99.03
20-Dec-10,45.94,46.18,45.46,46.03,96402194,98.94
17-Dec-10,45.95,45.97,45.75,45.8,96787068,99.65
16-Dec-10,45.87,46.09,45.73,45.89,80507098,98.83
15-Dec-10,45.71,46.14,45.6,45.77,104327314,97.34
14-Dec-10,45.96,46.08,45.57,45.76,87891762,97.46
13-Dec-10,46.34,46.44,45.86,45.95,109953333,97.14
10-Dec-10,45.66,45.86,45.51,45.79,65644243,97.55
9-Dec-10,46.02,46.07,45.57,45.68,73536526,95.33
8-Dec-10,45.66,45.86,45.3,45.86,80483501,95.1
7-Dec-10,46.26,46.28,45.45,45.46,97863465,95.91
6-Dec-10,45.52,46.05,45.49,45.74,112120127,95.55
3-Dec-10,45.29,45.52,45.19,45.35,85592283,96.1
2-Dec-10,45.36,45.57,44.98,45.45,115912916,93.4
1-Dec-10,45.04,45.39,45,45.2,115437672,92.04
30-Nov-10,44.79,44.91,44.41,44.45,125463303,93.59
29-Nov-10,45.07,45.35,44.48,45.27,111439895,94.4
26-Nov-10,44.82,45.39,44.71,45,59436237,95.6
24-Nov-10,44.57,45.06,44.54,44.97,103568136,95.89
23-Nov-10,44.35,44.54,43.79,44.1,129861284,94.99
22-Nov-10,43.81,44.77,43.7,44.77,98268492,95.53
19-Nov-10,44,44.06,43.61,43.82,96210793,95.94
18-Nov-10,43.6,44.24,43.53,44.06,123622443,96.68
17-Nov-10,43.03,43.43,42.54,42.93,119862407,96.98
16-Nov-10,43.67,43.94,42.76,43.08,164737342,97.42
15-Nov-10,44.07,44.36,43.75,43.86,100900954,96.87
12-Nov-10,45.14,45.21,43.38,44,198961462,98.79
11-Nov-10,45,45.49,44.89,45.24,90320433,98.78
10-Nov-10,45.23,45.54,44.79,45.43,96056373,99.83
9-Nov-10,45.86,45.9,44.93,45.15,95928805,99.87
8-Nov-10,45.31,45.68,45.25,45.52,70433307,99.96
5-Nov-10,45.43,45.65,45.25,45.3,90313265,99.43
4-Nov-10,45.06,45.74,45,45.47,160621979,98.66
3-Nov-10,44.48,44.7,44.08,44.69,127086848,97.34
2-Nov-10,43.86,44.31,43.86,44.19,108482437,96.67
1-Nov-10,43.17,43.66,43.17,43.45,105972251,102.95
29-Oct-10,43.46,43.7,42.98,43,107627128,104.34
28-Oct-10,43.99,44,42.99,43.61,137761540,104.21
27-Oct-10,43.95,44.27,43.66,43.98,99750070,106.05
26-Oct-10,43.84,44.25,43.66,44.01,98232337,104.48
25-Oct-10,44.16,44.51,44.06,44.12,98107996,105.79
22-Oct-10,44.15,44.29,43.76,43.92,93193856,105.87
21-Oct-10,44.62,44.96,43.83,44.22,137864321,107.48
20-Oct-10,44.14,44.89,43.84,44.36,180406030,108.37
19-Oct-10,43.34,44.82,42.86,44.21,308189833,108.81
18-Oct-10,45.5,45.57,44.9,45.43,276114391,108
15-Oct-10,43.92,45,43.56,44.96,230548444,107.93
14-Oct-10,43.1,43.21,42.91,43.19,108823925,108.18
13-Oct-10,42.89,43.14,42.83,42.88,157522589,109.48
12-Oct-10,42.2,42.79,41.78,42.65,139634663,109.38
11-Oct-10,42.11,42.46,42.09,42.19,106937733,109.22
8-Oct-10,41.67,42.07,41.43,42.01,164600814,109.08
7-Oct-10,41.48,41.5,40.99,41.32,102099277,109.36
6-Oct-10,41.37,41.71,40.75,41.31,167716514,108.51
5-Oct-10,40.29,41.35,40.26,41.28,125491450,108.85
4-Oct-10,40.23,40.41,39.68,39.81,108824968,108.03
1-Oct-10,40.88,40.94,40.19,40.36,112101444,107.57
30-Sep-10,41.29,41.43,40.18,40.54,168347452,106.94
29-Sep-10,41.03,41.4,40.86,41.05,117410608,106.82
28-Sep-10,41.68,41.68,39.29,40.98,258760411,106
27-Sep-10,42,42.1,41.57,41.6,120774913,106.1
24-Sep-10,41.73,41.93,41.51,41.76,162371804,106.73
23-Sep-10,40.9,41.82,40.86,41.27,196528871,107.73
22-Sep-10,40.39,41.14,40.34,41.11,146353774,107.7
21-Sep-10,40.55,41.05,40.4,40.54,167418881,108.36
20-Sep-10,39.44,40.54,39.41,40.46,164822833,105.52
17-Sep-10,39.67,39.71,39.1,39.34,158618691,103.13
16-Sep-10,38.61,39.52,38.5,39.51,163025387,105.44
15-Sep-10,38.31,38.63,38.26,38.6,107341570,107.95
14-Sep-10,38.03,38.45,37.93,38.29,102037313,111.77
13-Sep-10,37.97,38.33,37.97,38.15,97194965,115.57
10-Sep-10,37.6,37.79,37.34,37.63,96940319,114.92
9-Sep-10,37.86,38.07,37.56,37.58,109643597,113.58
8-Sep-10,37.11,37.77,37.01,37.56,131637114,113.57
7-Sep-10,36.66,37.08,36.61,36.83,85706313,113.55
3-Sep-10,36.44,36.97,36.36,36.97,130197067,114.62
2-Sep-10,35.89,36.02,35.51,36.02,103856298,112.71
1-Sep-10,35.35,35.92,35.18,35.76,174258805,112.88
31-Aug-10,34.55,34.94,34.34,34.73,105196602,113.09
30-Aug-10,34.39,35.11,34.38,34.64,95821894,113.95
27-Aug-10,34.54,34.66,33.65,34.52,137146576,112.18
26-Aug-10,35.06,35.11,34.33,34.33,116625803,113.05
25-Aug-10,34.01,34.86,33.89,34.7,149216228,112.52
24-Aug-10,34.67,34.71,34.09,34.28,150638208,113
23-Aug-10,35.97,36,35.04,35.11,103516812,113.05
20-Aug-10,35.63,36.27,35.57,35.66,96057206,113.89
19-Aug-10,36.12,36.21,35.53,35.7,106676227,114.06
18-Aug-10,36.05,36.38,35.94,36.15,84923923,116.05
17-Aug-10,35.73,36.38,35.6,36,105662221,116.3
16-Aug-10,35.37,35.72,35.23,35.38,79606849,117.34
13-Aug-10,35.95,35.98,35.58,35.59,88716635,116.98
12-Aug-10,35.24,36.16,35.16,35.97,133729834,117.63
11-Aug-10,36.49,36.53,35.69,35.74,155013068,117.55
10-Aug-10,37.12,37.21,36.79,37.06,112979405,117.47
9-Aug-10,37.35,37.45,37.08,37.39,75781356,117.12
6-Aug-10,37.11,37.36,36.8,37.16,111253310,117.06
5-Aug-10,37.39,37.6,37.22,37.39,72340618,116.6
4-Aug-10,37.55,37.75,37.19,37.57,105139076,117.65
3-Aug-10,37.29,37.61,37.06,37.42,104413218,118.25
2-Aug-10,37.21,37.51,37.09,37.41,107021026,115.59
30-Jul-10,36.56,37.1,36.41,36.75,112113960,114.48
29-Jul-10,37.24,37.52,36.59,36.87,160951385,113.72
28-Jul-10,37.67,38,37.18,37.28,129996090,113.54
27-Jul-10,37.27,37.83,37.19,37.73,146192641,111.49
26-Jul-10,37.14,37.16,36.82,37.04,105137452,111.59
23-Jul-10,36.73,37.2,36.61,37.13,133346661,109.83
22-Jul-10,36.81,37.14,36.47,37,161329322,108.84
21-Jul-10,37.87,37.88,36.29,36.32,296417422,110.41
20-Jul-10,34.7,36.13,34.29,35.98,268737511,111.06
19-Jul-10,35.7,35.7,34.23,35.08,256124484,110.88
16-Jul-10,36.17,36.42,35.49,35.7,259964376,107.79
15-Jul-10,35.46,36.71,35.33,35.92,206215849,108.43
14-Jul-10,35.63,36.54,35.57,36.1,203042784,105.71
13-Jul-10,36.62,36.63,35.2,35.97,297738658,107.11
12-Jul-10,36.93,37.41,36.41,36.76,140719236,109.99
9-Jul-10,36.7,37.13,36.45,37.09,108393537,109.95
8-Jul-10,37.5,37.56,36.41,36.87,184537661,110.06
7-Jul-10,35.78,36.97,35.68,36.95,163639812,111.73
6-Jul-10,35.86,36.11,35.17,35.52,153808676,111.8
2-Jul-10,35.78,35.85,34.74,35.28,173624381,111.23
1-Jul-10,36.33,36.4,34.75,35.5,255738140,111.79
30-Jun-10,36.67,36.85,35.72,35.93,184867060,111.57
29-Jun-10,37.73,37.77,36.33,36.6,283336130,111.46
28-Jun-10,38.13,38.54,37.79,38.33,146358254,110.52
25-Jun-10,38.58,38.61,37.97,38.1,137485271,109.49
24-Jun-10,38.71,39.03,38.3,38.43,178782814,109.9
23-Jun-10,39.23,39.24,38.27,38.71,192113733,109.11
22-Jun-10,38.88,39.42,38.79,39.12,179314996,109.95
21-Jun-10,39.67,39.86,38.39,38.6,194122453,111.03
18-Jun-10,38.89,39.29,38.77,39.15,196154945,112.12
17-Jun-10,38.66,38.99,38.5,38.84,218365231,113.95
16-Jun-10,37.3,38.25,37.23,38.18,195922370,113.3
15-Jun-10,36.52,37.12,36.5,37.1,146268297,115.19
14-Jun-10,36.57,37.02,36.29,36.33,150740100,115.19
11-Jun-10,35.46,36.27,35.34,36.22,136439884,115.82
10-Jun-10,34.98,35.85,34.6,35.79,194088937,115.97
9-Jun-10,35.92,35.99,34.64,34.74,213657171,116.64
8-Jun-10,36.18,36.26,35.09,35.62,250192019,116.95
7-Jun-10,36.9,37.02,35.79,35.85,221745538,117.06
4-Jun-10,36.89,37.41,36.38,36.57,189610442,116.29
3-Jun-10,37.88,37.94,37.2,37.59,162539314,116.52
2-Jun-10,37.79,37.83,37.19,37.71,172136524,117.26
1-Jun-10,37.1,37.99,36.99,37.26,219118382,116.76
28-May-10,37.06,37.06,36.19,36.7,203903217,116.73
27-May-10,35.8,36.27,35.59,36.19,166575339,115.82
26-May-10,35.73,36.02,34.82,34.87,212664144,116.15
25-May-10,34.19,35.25,33.88,35.03,262003357,116.02
24-May-10,35.33,35.84,35.18,35.25,188561359,116.61
21-May-10,33.26,34.93,33.05,34.62,305976755,117.91
20-May-10,34.55,34.84,33.74,33.97,320728737,118.99
19-May-10,35.64,36.13,34.98,35.48,256431406,119.11
18-May-10,36.71,36.94,35.75,36.05,195668956,119.75
17-May-10,36.39,36.6,35.39,36.32,190708252,119.25
14-May-10,36.45,36.64,35.64,36.26,189840357,119.04
13-May-10,37.6,37.86,36.63,36.91,149927526,120
12-May-10,37.04,37.59,36.96,37.44,163594375,119.99
11-May-10,35.98,37.13,35.79,36.65,212587809,119.78
10-May-10,35.75,36.38,35.5,36.28,246076208,120
7-May-10,34.82,35.22,32.17,33.69,419004292,120.08
6-May-10,36.26,36.89,28.46,35.18,321464892,119.97
5-May-10,36.15,36.88,35.53,36.57,220775786,121.88
4-May-10,37.58,37.61,36.68,36.95,180954830,121.94
3-May-10,37.69,38.27,37.55,38.05,113585031,121.95
30-Apr-10,38.47,38.65,37.29,37.3,135615676,121.63
29-Apr-10,37.57,38.57,37.43,38.38,139709745,121.35
28-Apr-10,37.61,37.71,36.63,37.37,189599970,128.75
27-Apr-10,38.18,38.26,37.22,37.43,177335424,128.53
26-Apr-10,38.84,38.92,38.31,38.5,119767011,129.08
23-Apr-10,38.28,38.88,38.14,38.69,199238354,130.29
22-Apr-10,36.89,38.11,36.6,38.07,198355815,131.53
21-Apr-10,36.97,37.18,36.53,37.03,245597800,132.04
20-Apr-10,35.51,35.61,34.71,34.94,184580977,132.42
19-Apr-10,35.29,35.41,34.54,35.3,141730491,132.12
16-Apr-10,35.51,35.88,34.94,35.34,187635966,133.29
15-Apr-10,35.11,35.58,35.07,35.56,94195920,135.02
14-Apr-10,35.04,35.12,34.87,35.1,101018554,135.51
13-Apr-10,34.55,34.69,34.44,34.63,76552525,135.34
12-Apr-10,34.6,34.72,34.54,34.61,83303836,135.72
9-Apr-10,34.49,34.56,34.35,34.54,83545644,136.7
8-Apr-10,34.35,34.51,34.01,34.28,143246621,137.11
7-Apr-10,34.25,34.56,34.09,34.37,157125031,136.53
6-Apr-10,34.03,34.32,33.86,34.22,111754188,136.66
5-Apr-10,33.57,34.07,33.54,34.07,171126319,136.93
31-Mar-10,33.64,33.8,33.49,33.57,107664557,136.99
30-Mar-10,33.8,33.93,33.46,33.69,131827325,139.79
29-Mar-10,33.29,33.41,33.09,33.2,135185785,138.96
26-Mar-10,32.71,33.14,32.65,32.99,160218135,139.78
25-Mar-10,32.99,33,32.32,32.38,135816674,139.34
24-Mar-10,32.52,32.89,32.5,32.77,149570232,139.52
23-Mar-10,32.23,32.68,32.01,32.62,150607177,139
22-Mar-10,31.5,32.29,31.45,32.11,114104634,138.68
19-Mar-10,32.11,32.18,31.6,31.75,139861148,139.14
18-Mar-10,32.01,32.14,31.8,32.09,85527113,139.2
17-Mar-10,32.13,32.35,31.9,32.02,112738997,138.99
16-Mar-10,32.03,32.14,31.79,32.06,111726636,140.46
15-Mar-10,32.2,32.21,31.46,31.98,123375091,140.69
12-Mar-10,32.48,32.53,32.25,32.37,104080620,139.99
11-Mar-10,31.99,32.21,31.9,32.21,101424638,141.46
10-Mar-10,31.98,32.21,31.89,32.12,149054143,139.84
9-Mar-10,31.19,32.14,31.13,31.86,230064660,141.42
8-Mar-10,31.43,31.44,31.18,31.3,107472239,140.92
5-Mar-10,30.71,31.39,30.66,31.28,224904603,140.64
4-Mar-10,29.9,30.13,29.8,30.1,91509936,140.88
3-Mar-10,29.85,29.98,29.71,29.9,93059694,143.8
2-Mar-10,29.99,30.12,29.68,29.84,141636152,144.12
1-Mar-10,29.39,29.93,29.35,29.86,137523183,143.93
